long,lat,group,csd_code
-80.49415739999999,43.5122961,3530016_1,3530016
-80.49311829999999,43.5125223,3530016_1,3530016
-80.4916841,43.5125617,3530016_1,3530016
-80.48743259999999,43.5131893,3530016_1,3530016
-80.4870266,43.513447000000006,3530016_1,3530016
-80.48555929999999,43.515109699999996,3530016_1,3530016
-80.483876,43.5161789,3530016_1,3530016
-80.4830537,43.5161654,3530016_1,3530016
-80.47675009999999,43.51609270000001,3530016_1,3530016
-80.4727984,43.516238799999996,3530016_1,3530016
-80.4706669,43.5164452,3530016_1,3530016
-80.47000129999999,43.516658199999995,3530016_1,3530016
-80.46856269999999,43.517305799999995,3530016_1,3530016
-80.46796859999999,43.5179559,3530016_1,3530016
-80.4673416,43.519386999999995,3530016_1,3530016
-80.467512,43.5203195,3530016_1,3530016
-80.46874129999999,43.52169190000001,3530016_1,3530016
-80.46985819999999,43.5225471,3530016_1,3530016
-80.4716103,43.5233676,3530016_1,3530016
-80.4751793,43.5244222,3530016_1,3530016
-80.47625839999999,43.5248961,3530016_1,3530016
-80.4772979,43.525872899999996,3530016_1,3530016
-80.4791918,43.5276828,3530016_1,3530016
-80.47997459999999,43.52883310000001,3530016_1,3530016
-80.480662,43.5300227,3530016_1,3530016
-80.4806589,43.53032280000001,3530016_1,3530016
-80.4806507,43.53109949999999,3530016_1,3530016
-80.48051199999999,43.5318004,3530016_1,3530016
-80.4808556,43.53161769999999,3530016_1,3530016
-80.4824644,43.53057340000001,3530016_1,3530016
-80.4827339,43.5305035,3530016_1,3530016
-80.4855142,43.5295526,3530016_1,3530016
-80.48854279999999,43.5284857,3530016_1,3530016
-80.4938635,43.52662479999999,3530016_1,3530016
-80.494339,43.5264585,3530016_1,3530016
-80.4950588,43.526200599999996,3530016_1,3530016
-80.4951054,43.526184300000004,3530016_1,3530016
-80.4999983,43.52447550000001,3530016_1,3530016
-80.50061869999999,43.5242621,3530016_1,3530016
-80.5048632,43.5227408,3530016_1,3530016
-80.5060579,43.5223259,3530016_1,3530016
-80.5064764,43.5221805,3530016_1,3530016
-80.5100503,43.5209173,3530016_1,3530016
-80.51045649999999,43.5207749,3530016_1,3530016
-80.5117255,43.5203302,3530016_1,3530016
-80.51579579999999,43.518861799999996,3530016_1,3530016
-80.5168741,43.5185228,3530016_1,3530016
-80.51903399999999,43.5177589,3530016_1,3530016
-80.52583419999999,43.5153171,3530016_1,3530016
-80.52611300000001,43.515213,3530016_1,3530016
-80.526262,43.515101,3530016_1,3530016
-80.526417,43.514827,3530016_1,3530016
-80.52667699999999,43.51487300000001,3530016_1,3530016
-80.52711000000001,43.514857000000006,3530016_1,3530016
-80.53167630000002,43.5132589,3530016_1,3530016
-80.532967,43.5128193,3530016_1,3530016
-80.5379665,43.5110388,3530016_1,3530016
-80.5407577,43.5100415,3530016_1,3530016
-80.5421846,43.509488999999995,3530016_1,3530016
-80.5456033,43.5072786,3530016_1,3530016
-80.54585229999999,43.5071668,3530016_1,3530016
-80.5551327,43.5047735,3530016_1,3530016
-80.55548139999999,43.504861999999996,3530016_1,3530016
-80.5587098,43.5037191,3530016_1,3530016
-80.5612092,43.50283830000001,3530016_1,3530016
-80.56338459999999,43.5020714,3530016_1,3530016
-80.5651637,43.5014407,3530016_1,3530016
-80.5700147,43.4996923,3530016_1,3530016
-80.570296,43.4995779,3530016_1,3530016
-80.57252,43.498765299999995,3530016_1,3530016
-80.57309,43.498555,3530016_1,3530016
-80.57334999999999,43.49853309999999,3530016_1,3530016
-80.575593,43.49819,3530016_1,3530016
-80.5804101,43.496229299999996,3530016_1,3530016
-80.5828835,43.495158599999996,3530016_1,3530016
-80.5834591,43.494939599999995,3530016_1,3530016
-80.5905543,43.4925778,3530016_1,3530016
-80.6051663,43.4872125,3530016_1,3530016
-80.60920809999999,43.485672699999995,3530016_1,3530016
-80.6109718,43.4849549,3530016_1,3530016
-80.6129297,43.484307300000005,3530016_1,3530016
-80.6261842,43.4797471,3530016_1,3530016
-80.6256313,43.479178000000005,3530016_1,3530016
-80.6250653,43.478726,3530016_1,3530016
-80.62448739999999,43.478192799999995,3530016_1,3530016
-80.62393380000002,43.4777408,3530016_1,3530016
-80.62362639999999,43.477451599999995,3530016_1,3530016
-80.6228027,43.47669260000001,3530016_1,3530016
-80.62218290000001,43.4760961,3530016_1,3530016
-80.6221267,43.476042,3530016_1,3530016
-80.6195814,43.4737915,3530016_1,3530016
-80.6182779,43.472661599999995,3530016_1,3530016
-80.6179088,43.472372199999995,3530016_1,3530016
-80.6173805,43.4718482,3530016_1,3530016
-80.61654419999999,43.47113410000001,3530016_1,3530016
-80.6153028,43.469986399999996,3530016_1,3530016
-80.6146265,43.4694078,3530016_1,3530016
-80.6138521,43.468702900000004,3530016_1,3530016
-80.6131267,43.4680791,3530016_1,3530016
-80.61116,43.4662986,3530016_1,3530016
-80.6109391,43.4660457,3530016_1,3530016
-80.6093653,43.46470769999999,3530016_1,3530016
-80.6072638,43.462791599999996,3530016_1,3530016
-80.60674519999999,43.4623267,3530016_1,3530016
-80.6060839,43.46173399999999,3530016_1,3530016
-80.6050394,43.46077590000001,3530016_1,3530016
-80.6030609,43.4589952,3530016_1,3530016
-80.60104439999999,43.457169199999996,3530016_1,3530016
-80.5996572,43.4559129,3530016_1,3530016
-80.59715059999999,43.453662,3530016_1,3530016
-80.5967441,43.4532904,3530016_1,3530016
-80.5958852,43.452504999999995,3530016_1,3530016
-80.5947673,43.451483499999995,3530016_1,3530016
-80.5929982,43.44989249999999,3530016_1,3530016
-80.59081170000002,43.4478947,3530016_1,3530016
-80.58728649999999,43.4446945,3530016_1,3530016
-80.5867093,43.444161099999995,3530016_1,3530016
-80.58418069999999,43.4418629,3530016_1,3530016
-80.5822451,43.440097,3530016_1,3530016
-80.5815075,43.439424,3530016_1,3530016
-80.5812995,43.4392342,3530016_1,3530016
-80.5810186,43.438977900000005,3530016_1,3530016
-80.5752911,43.433751199999996,3530016_1,3530016
-80.57498059999999,43.433464799999996,3530016_1,3530016
-80.5741038,43.432659900000004,3530016_1,3530016
-80.5658978,43.4351904,3530016_1,3530016
-80.565102,43.4354357,3530016_1,3530016
-80.5650175,43.4354624,3530016_1,3530016
-80.56457189999999,43.435603,3530016_1,3530016
-80.5616904,43.436511800000005,3530016_1,3530016
-80.56028859999999,43.4369543,3530016_1,3530016
-80.5602924,43.43696399999999,3530016_1,3530016
-80.56030799999999,43.437025999999996,3530016_1,3530016
-80.56030059999999,43.43707980000001,3530016_1,3530016
-80.5602692,43.437137899999996,3530016_1,3530016
-80.5602169,43.4371843,3530016_1,3530016
-80.5601642,43.437211700000006,3530016_1,3530016
-80.5601117,43.4372305,3530016_1,3530016
-80.56004759999999,43.4372389,3530016_1,3530016
-80.5599788,43.437238,3530016_1,3530016
-80.5599039,43.437221599999994,3530016_1,3530016
-80.5598353,43.4371879,3530016_1,3530016
-80.55978859999999,43.437150599999995,3530016_1,3530016
-80.5597664,43.4371189,3530016_1,3530016
-80.5595802,43.4371803,3530016_1,3530016
-80.55930579999999,43.437286,3530016_1,3530016
-80.55905039999999,43.4373887,3530016_1,3530016
-80.5582187,43.43767950000001,3530016_1,3530016
-80.5535142,43.439309099999996,3530016_1,3530016
-80.5515941,43.43994989999999,3530016_1,3530016
-80.5490803,43.440669299999996,3530016_1,3530016
-80.54733329999999,43.4412837,3530016_1,3530016
-80.5467999,43.4415607,3530016_1,3530016
-80.54656,43.4417829,3530016_1,3530016
-80.54619009999999,43.442125600000004,3530016_1,3530016
-80.54604049999999,43.4423051,3530016_1,3530016
-80.5452227,43.4439453,3530016_1,3530016
-80.5451902,43.444007500000005,3530016_1,3530016
-80.5451592,43.4440667,3530016_1,3530016
-80.54364799999999,43.4432951,3530016_1,3530016
-80.54281309999999,43.4428708,3530016_1,3530016
-80.54187639999999,43.4431206,3530016_1,3530016
-80.54168349999999,43.44324220000001,3530016_1,3530016
-80.5411383,43.443438099999995,3530016_1,3530016
-80.5412211,43.4435384,3530016_1,3530016
-80.5413097,43.443645900000014,3530016_1,3530016
-80.54120979999999,43.44378959999999,3530016_1,3530016
-80.5420288,43.4449724,3530016_1,3530016
-80.5421674,43.445055999999994,3530016_1,3530016
-80.54245999999999,43.44565049999999,3530016_1,3530016
-80.5392945,43.447131000000006,3530016_1,3530016
-80.5411276,43.449263,3530016_1,3530016
-80.5347716,43.4511355,3530016_1,3530016
-80.53412229999999,43.450637199999996,3530016_1,3530016
-80.5297133,43.4518693,3530016_1,3530016
-80.5293419,43.4519794,3530016_1,3530016
-80.5289269,43.4521142,3530016_1,3530016
-80.5263578,43.45300350000001,3530016_1,3530016
-80.5267745,43.4534464,3530016_1,3530016
-80.52711769999999,43.453826,3530016_1,3530016
-80.527126,43.4538352,3530016_1,3530016
-80.5271291,43.4538386,3530016_1,3530016
-80.5234828,43.454600299999996,3530016_1,3530016
-80.5221759,43.45479339999999,3530016_1,3530016
-80.52170269999999,43.45493389999999,3530016_1,3530016
-80.521181,43.4554276,3530016_1,3530016
-80.5206029,43.455961699999996,3530016_1,3530016
-80.5198884,43.456441,3530016_1,3530016
-80.51954669999999,43.4565506,3530016_1,3530016
-80.5192922,43.45655680000001,3530016_1,3530016
-80.5190741,43.4567634,3530016_1,3530016
-80.5190676,43.4567695,3530016_1,3530016
-80.5190659,43.456771,3530016_1,3530016
-80.518998,43.456752099999996,3530016_1,3530016
-80.51887529999999,43.4567181,3530016_1,3530016
-80.5176268,43.4571326,3530016_1,3530016
-80.5159295,43.4577479,3530016_1,3530016
-80.51531279999999,43.4579076,3530016_1,3530016
-80.5147573,43.458211,3530016_1,3530016
-80.513359,43.4587535,3530016_1,3530016
-80.51255139999999,43.458969599999996,3530016_1,3530016
-80.51204349999999,43.458808,3530016_1,3530016
-80.5117173,43.458946499999996,3530016_1,3530016
-80.5113983,43.459494600000006,3530016_1,3530016
-80.5110734,43.45937149999999,3530016_1,3530016
-80.5079521,43.460438499999995,3530016_1,3530016
-80.5052199,43.461451,3530016_1,3530016
-80.504897,43.4614665,3530016_1,3530016
-80.5047038,43.4618861,3530016_1,3530016
-80.5046011,43.4619281,3530016_1,3530016
-80.501665,43.463125999999995,3530016_1,3530016
-80.5004154,43.463221700000005,3530016_1,3530016
-80.5008297,43.463765599999995,3530016_1,3530016
-80.5004234,43.463848,3530016_1,3530016
-80.5012871,43.464259999999996,3530016_1,3530016
-80.50165330000002,43.464422299999995,3530016_1,3530016
-80.5014168,43.4646715,3530016_1,3530016
-80.5012448,43.46489139999999,3530016_1,3530016
-80.5000846,43.4654816,3530016_1,3530016
-80.5000208,43.465509600000004,3530016_1,3530016
-80.49843899999999,43.4662019,3530016_1,3530016
-80.4985403,43.4662915,3530016_1,3530016
-80.4985617,43.466310500000006,3530016_1,3530016
-80.4989911,43.466708499999996,3530016_1,3530016
-80.49967819999999,43.46735089999999,3530016_1,3530016
-80.4999971,43.4676494,3530016_1,3530016
-80.500511,43.4681109,3530016_1,3530016
-80.5008379,43.468454799999996,3530016_1,3530016
-80.5005915,43.4685595,3530016_1,3530016
-80.5000472,43.4687816,3530016_1,3530016
-80.4974603,43.4698371,3530016_1,3530016
-80.4957629,43.4704925,3530016_1,3530016
-80.4965452,43.47128190000001,3530016_1,3530016
-80.49556609999999,43.47152369999999,3530016_1,3530016
-80.4962141,43.47275,3530016_1,3530016
-80.49624270000001,43.4731436,3530016_1,3530016
-80.49410979999999,43.473890499999996,3530016_1,3530016
-80.4938371,43.473979299999996,3530016_1,3530016
-80.49350919999999,43.4740837,3530016_1,3530016
-80.49351469999999,43.47408600000001,3530016_1,3530016
-80.4935394,43.4740951,3530016_1,3530016
-80.4937609,43.47422209999999,3530016_1,3530016
-80.49422849999999,43.47448529999999,3530016_1,3530016
-80.4946343,43.47475719999999,3530016_1,3530016
-80.4950396,43.4750832,3530016_1,3530016
-80.495616,43.475643999999996,3530016_1,3530016
-80.4960194,43.476204,3530016_1,3530016
-80.4962493,43.4766679,3530016_1,3530016
-80.4964085,43.4769891,3530016_1,3530016
-80.496676,43.4775396,3530016_1,3530016
-80.4979135,43.479936699999996,3530016_1,3530016
-80.4979796,43.480064799999994,3530016_1,3530016
-80.4953422,43.4811811,3530016_1,3530016
-80.495054,43.48130810000001,3530016_1,3530016
-80.4905351,43.4832992,3530016_1,3530016
-80.4897125,43.4835135,3530016_1,3530016
-80.48754869999999,43.484077,3530016_1,3530016
-80.4871738,43.48444179999999,3530016_1,3530016
-80.48410670000001,43.4855784,3530016_1,3530016
-80.4840691,43.485641300000005,3530016_1,3530016
-80.4836567,43.4861527,3530016_1,3530016
-80.4836418,43.486449799999995,3530016_1,3530016
-80.4832818,43.4866102,3530016_1,3530016
-80.4828193,43.4871844,3530016_1,3530016
-80.4822193,43.487929,3530016_1,3530016
-80.4810317,43.4894184,3530016_1,3530016
-80.4809557,43.48962509999999,3530016_1,3530016
-80.4809263,43.489945999999996,3530016_1,3530016
-80.4810693,43.4922459,3530016_1,3530016
-80.4811263,43.493408599999995,3530016_1,3530016
-80.4811957,43.494821699999996,3530016_1,3530016
-80.4812001,43.495021400000006,3530016_1,3530016
-80.4813739,43.498297799999996,3530016_1,3530016
-80.4812762,43.4985819,3530016_1,3530016
-80.4811737,43.4990385,3530016_1,3530016
-80.4810341,43.499353899999996,3530016_1,3530016
-80.48095909999999,43.499721300000004,3530016_1,3530016
-80.4808544,43.499905299999995,3530016_1,3530016
-80.4807014,43.500019900000005,3530016_1,3530016
-80.48048229999999,43.500130999999996,3530016_1,3530016
-80.47880889999999,43.50053749999999,3530016_1,3530016
-80.4771974,43.5009354,3530016_1,3530016
-80.47708589999999,43.5009619,3530016_1,3530016
-80.4791304,43.5036625,3530016_1,3530016
-80.47919089999999,43.503746199999995,3530016_1,3530016
-80.4792502,43.503843499999995,3530016_1,3530016
-80.4797557,43.5038796,3530016_1,3530016
-80.4802108,43.5037238,3530016_1,3530016
-80.4834128,43.503021100000005,3530016_1,3530016
-80.4847186,43.502734600000004,3530016_1,3530016
-80.4881994,43.5019328,3530016_1,3530016
-80.4897934,43.501772,3530016_1,3530016
-80.4908605,43.5018268,3530016_1,3530016
-80.49175280000001,43.50227100000001,3530016_1,3530016
-80.49265419999999,43.502632999999996,3530016_1,3530016
-80.4934049,43.503825500000005,3530016_1,3530016
-80.49373659999999,43.505251699999995,3530016_1,3530016
-80.49375409999999,43.505285699999995,3530016_1,3530016
-80.494348,43.5064401,3530016_1,3530016
-80.4942402,43.5066989,3530016_1,3530016
-80.4941983,43.506904000000006,3530016_1,3530016
-80.4942953,43.5069844,3530016_1,3530016
-80.4943971,43.5071175,3530016_1,3530016
-80.4946154,43.5074028,3530016_1,3530016
-80.494892,43.5083339,3530016_1,3530016
-80.4951246,43.5092612,3530016_1,3530016
-80.4951263,43.5092827,3530016_1,3530016
-80.4952192,43.5104867,3530016_1,3530016
-80.4949989,43.5115463,3530016_1,3530016
-80.49415739999999,43.5122961,3530016_1,3530016
-79.86057389999999,43.3474048,3525005_2,3525005
-79.8606928,43.3474712,3525005_2,3525005
-79.86230069999999,43.3486312,3525005_2,3525005
-79.8654815,43.3509257,3525005_2,3525005
-79.8670866,43.3520846,3525005_2,3525005
-79.8680734,43.352797100000004,3525005_2,3525005
-79.8762461,43.3586034,3525005_2,3525005
-79.87835249999999,43.3601404,3525005_2,3525005
-79.8793546,43.3608841,3525005_2,3525005
-79.8803698,43.3616061,3525005_2,3525005
-79.8812624,43.3622558,3525005_2,3525005
-79.88327199999999,43.36370290000001,3525005_2,3525005
-79.8833396,43.363757899999996,3525005_2,3525005
-79.8833665,43.363802,3525005_2,3525005
-79.88338619999999,43.3638611,3525005_2,3525005
-79.88339909999999,43.3639152,3525005_2,3525005
-79.886765,43.366123699999996,3525005_2,3525005
-79.88957719999999,43.36806,3525005_2,3525005
-79.89205369999999,43.36982,3525005_2,3525005
-79.9048427,43.378972299999994,3525005_2,3525005
-79.9048698,43.3789875,3525005_2,3525005
-79.90530319999999,43.379298899999995,3525005_2,3525005
-79.9069489,43.3805031,3525005_2,3525005
-79.9070134,43.3805452,3525005_2,3525005
-79.9080611,43.381314499999995,3525005_2,3525005
-79.9105235,43.3831065,3525005_2,3525005
-79.91125180000002,43.383632899999995,3525005_2,3525005
-79.91255500000001,43.38456480000001,3525005_2,3525005
-79.9141186,43.3856295,3525005_2,3525005
-79.91525829999999,43.3864041,3525005_2,3525005
-79.9159815,43.3869038,3525005_2,3525005
-79.9170001,43.3875773,3525005_2,3525005
-79.91848840000002,43.388601799999996,3525005_2,3525005
-79.9222923,43.391272799999996,3525005_2,3525005
-79.9223762,43.391332,3525005_2,3525005
-79.9228662,43.391670600000005,3525005_2,3525005
-79.92679369999999,43.394408899999995,3525005_2,3525005
-79.9296729,43.3963898,3525005_2,3525005
-79.9321851,43.3981173,3525005_2,3525005
-79.9347849,43.3999222,3525005_2,3525005
-79.93799109999999,43.4021604,3525005_2,3525005
-79.938615,43.4026439,3525005_2,3525005
-79.9444472,43.4069388,3525005_2,3525005
-79.94447869999999,43.4069619,3525005_2,3525005
-79.94711559999999,43.4087165,3525005_2,3525005
-79.9482459,43.40951269999999,3525005_2,3525005
-79.94948819999999,43.410385,3525005_2,3525005
-79.9510085,43.411458499999995,3525005_2,3525005
-79.95230629999999,43.4123725,3525005_2,3525005
-79.95386189999999,43.4134562,3525005_2,3525005
-79.95489119999999,43.414163599999995,3525005_2,3525005
-79.9593053,43.4172519,3525005_2,3525005
-79.9617657,43.418999400000004,3525005_2,3525005
-79.96248969999999,43.419497299999996,3525005_2,3525005
-79.9634312,43.4201833,3525005_2,3525005
-79.9674564,43.4229702,3525005_2,3525005
-79.968406,43.423638,3525005_2,3525005
-79.9690825,43.4241173,3525005_2,3525005
-79.96924659999999,43.4242382,3525005_2,3525005
-79.96955109999999,43.42446249999999,3525005_2,3525005
-79.9698617,43.42468170000001,3525005_2,3525005
-79.9748405,43.4281955,3525005_2,3525005
-79.9775086,43.43010580000001,3525005_2,3525005
-79.98100819999999,43.4326357,3525005_2,3525005
-79.9836132,43.434554299999995,3525005_2,3525005
-79.9845292,43.4351997,3525005_2,3525005
-79.9849816,43.4355228,3525005_2,3525005
-79.9865169,43.4366327,3525005_2,3525005
-79.98759439999999,43.4373812,3525005_2,3525005
-79.98983609999999,43.4390321,3525005_2,3525005
-79.9911077,43.43995419999999,3525005_2,3525005
-79.99349389999999,43.4416629,3525005_2,3525005
-79.9952398,43.442905499999995,3525005_2,3525005
-79.99573699999999,43.4432646,3525005_2,3525005
-79.9958961,43.443408399999996,3525005_2,3525005
-79.9961024,43.4435828,3525005_2,3525005
-79.99627029999999,43.4437028,3525005_2,3525005
-79.99668319999999,43.444004899999996,3525005_2,3525005
-79.9975487,43.4446078,3525005_2,3525005
-79.9982869,43.44510679999999,3525005_2,3525005
-79.9986409,43.44536249999999,3525005_2,3525005
-79.99898689999999,43.445585900000005,3525005_2,3525005
-79.99949889999999,43.44592629999999,3525005_2,3525005
-79.99983,43.4461709,3525005_2,3525005
-79.99995059999999,43.4462601,3525005_2,3525005
-80.00000109999999,43.4462974,3525005_2,3525005
-80.00010929999999,43.44639999999999,3525005_2,3525005
-80.0002476,43.4465231,3525005_2,3525005
-80.0008256,43.4469573,3525005_2,3525005
-80.0016071,43.447524599999994,3525005_2,3525005
-80.0021929,43.4479504,3525005_2,3525005
-80.0028729,43.448462000000006,3525005_2,3525005
-80.0055355,43.450359399999996,3525005_2,3525005
-80.0067779,43.4512444,3525005_2,3525005
-80.0084638,43.4524451,3525005_2,3525005
-80.0101013,43.45361119999999,3525005_2,3525005
-80.01178709999999,43.4548117,3525005_2,3525005
-80.01270989999999,43.4554688,3525005_2,3525005
-80.01385069999999,43.45628329999999,3525005_2,3525005
-80.0139161,43.4563372,3525005_2,3525005
-80.015772,43.457699399999996,3525005_2,3525005
-80.0196326,43.4605059,3525005_2,3525005
-80.0231642,43.4630393,3525005_2,3525005
-80.0239829,43.4636316,3525005_2,3525005
-80.0241679,43.4637637,3525005_2,3525005
-80.0247863,43.4642024,3525005_2,3525005
-80.0251991,43.4645057,3525005_2,3525005
-80.0274141,43.466087300000005,3525005_2,3525005
-80.02775059999999,43.4663401,3525005_2,3525005
-80.0284198,43.4668304,3525005_2,3525005
-80.02872049999999,43.4670439,3525005_2,3525005
-80.02912119999999,43.4673447,3525005_2,3525005
-80.0292614,43.4674518,3525005_2,3525005
-80.02945199999999,43.4675975,3525005_2,3525005
-80.0298023,43.4678694,3525005_2,3525005
-80.0301212,43.468109299999995,3525005_2,3525005
-80.0304441,43.46834140000001,3525005_2,3525005
-80.0308038,43.468590299999995,3525005_2,3525005
-80.0314514,43.46904019999999,3525005_2,3525005
-80.03394,43.470760600000006,3525005_2,3525005
-80.03433919999999,43.471056000000004,3525005_2,3525005
-80.034429,43.47094570000001,3525005_2,3525005
-80.0344313,43.4709438,3525005_2,3525005
-80.0372481,43.4687568,3525005_2,3525005
-80.0372726,43.46873780000001,3525005_2,3525005
-80.03745529999999,43.4685971,3525005_2,3525005
-80.03766980000002,43.4684319,3525005_2,3525005
-80.0380004,43.4681771,3525005_2,3525005
-80.0380069,43.4681721,3525005_2,3525005
-80.0382994,43.4679467,3525005_2,3525005
-80.0420944,43.4650225,3525005_2,3525005
-80.042169,43.46496489999999,3525005_2,3525005
-80.0423701,43.464809700000004,3525005_2,3525005
-80.042385,43.4648019,3525005_2,3525005
-80.04261389999999,43.46468149999999,3525005_2,3525005
-80.04294639999999,43.4645066,3525005_2,3525005
-80.0431843,43.4643815,3525005_2,3525005
-80.04339139999999,43.4642711,3525005_2,3525005
-80.0437716,43.463997899999995,3525005_2,3525005
-80.0441398,43.4637321,3525005_2,3525005
-80.0511257,43.45850009999999,3525005_2,3525005
-80.05150789999999,43.458213799999996,3525005_2,3525005
-80.0519316,43.457896399999996,3525005_2,3525005
-80.0520288,43.45778149999999,3525005_2,3525005
-80.0523855,43.4575197,3525005_2,3525005
-80.0564584,43.4545473,3525005_2,3525005
-80.0564634,43.45452780000001,3525005_2,3525005
-80.0564789,43.4544999,3525005_2,3525005
-80.05649989999999,43.4544741,3525005_2,3525005
-80.0565263,43.4544512,3525005_2,3525005
-80.0565568,43.45443149999999,3525005_2,3525005
-80.05851439999999,43.453065900000006,3525005_2,3525005
-80.0585756,43.4530214,3525005_2,3525005
-80.06641859999999,43.447457,3525005_2,3525005
-80.06736959999999,43.44678210000001,3525005_2,3525005
-80.0674181,43.446746,3525005_2,3525005
-80.06771379999999,43.4465255,3525005_2,3525005
-80.06772629999999,43.44652179999999,3525005_2,3525005
-80.06786269999999,43.4464694,3525005_2,3525005
-80.0679746,43.4463987,3525005_2,3525005
-80.07198609999999,43.443468,3525005_2,3525005
-80.0742447,43.441880999999995,3525005_2,3525005
-80.07503679999999,43.441327699999995,3525005_2,3525005
-80.07591,43.440717799999994,3525005_2,3525005
-80.0777153,43.4394233,3525005_2,3525005
-80.0795205,43.4381288,3525005_2,3525005
-80.0836099,43.4352692,3525005_2,3525005
-80.0836487,43.4352455,3525005_2,3525005
-80.08368209999999,43.4352178,3525005_2,3525005
-80.08371129999999,43.435187899999995,3525005_2,3525005
-80.08373519999999,43.4351562,3525005_2,3525005
-80.0837548,43.4351213,3525005_2,3525005
-80.0837635,43.4350963,3525005_2,3525005
-80.0837677,43.4350864,3525005_2,3525005
-80.08377519999999,43.435049400000004,3525005_2,3525005
-80.08377569999999,43.4350124,3525005_2,3525005
-80.0837707,43.4349764,3525005_2,3525005
-80.0837604,43.4349403,3525005_2,3525005
-80.08306929999999,43.4326566,3525005_2,3525005
-80.0826292,43.431202400000004,3525005_2,3525005
-80.0824715,43.4306468,3525005_2,3525005
-80.08123789999999,43.426440899999996,3525005_2,3525005
-80.0810782,43.4263766,3525005_2,3525005
-80.08102029999999,43.426124,3525005_2,3525005
-80.0805046,43.424283,3525005_2,3525005
-80.07965829999999,43.421430799999996,3525005_2,3525005
-80.07884349999999,43.418948,3525005_2,3525005
-80.0785605,43.4180633,3525005_2,3525005
-80.0799217,43.4179032,3525005_2,3525005
-80.0807761,43.417766,3525005_2,3525005
-80.0920938,43.4159295,3525005_2,3525005
-80.0924158,43.415878,3525005_2,3525005
-80.1023457,43.4142906,3525005_2,3525005
-80.1026104,43.4142483,3525005_2,3525005
-80.1068029,43.413578099999995,3525005_2,3525005
-80.10840019999999,43.413311400000005,3525005_2,3525005
-80.1128825,43.412553900000006,3525005_2,3525005
-80.1199522,43.41138399999999,3525005_2,3525005
-80.12106659999999,43.4111944,3525005_2,3525005
-80.1261303,43.41035979999999,3525005_2,3525005
-80.12613309999999,43.410359299999996,3525005_2,3525005
-80.12902729999999,43.409877699999996,3525005_2,3525005
-80.1352421,43.4088533,3525005_2,3525005
-80.13834949999999,43.4083365,3525005_2,3525005
-80.14435379999999,43.40732810000001,3525005_2,3525005
-80.1447994,43.40725940000001,3525005_2,3525005
-80.1526606,43.4059222,3525005_2,3525005
-80.16106529999999,43.40455250000001,3525005_2,3525005
-80.1639738,43.404096599999995,3525005_2,3525005
-80.1685042,43.403337199999996,3525005_2,3525005
-80.1697542,43.403139200000005,3525005_2,3525005
-80.1711282,43.402906,3525005_2,3525005
-80.1802378,43.401404899999996,3525005_2,3525005
-80.1818713,43.401146499999996,3525005_2,3525005
-80.1853733,43.400613199999995,3525005_2,3525005
-80.18963049999999,43.3999321,3525005_2,3525005
-80.1943086,43.39916379999999,3525005_2,3525005
-80.19465509999999,43.3991122,3525005_2,3525005
-80.1982441,43.3985161,3525005_2,3525005
-80.2012473,43.3980241,3525005_2,3525005
-80.20467819999999,43.3975185,3525005_2,3525005
-80.202855,43.3913237,3525005_2,3525005
-80.2018963,43.388314099999995,3525005_2,3525005
-80.20143829999999,43.386793999999995,3525005_2,3525005
-80.2013885,43.3866358,3525005_2,3525005
-80.1963419,43.3706098,3525005_2,3525005
-80.1951571,43.3651477,3525005_2,3525005
-80.1951131,43.365041999999995,3525005_2,3525005
-80.1946306,43.3637686,3525005_2,3525005
-80.1916239,43.355831599999995,3525005_2,3525005
-80.1915631,43.355636000000004,3525005_2,3525005
-80.19146169999999,43.35536339999999,3525005_2,3525005
-80.1904739,43.352731799999994,3525005_2,3525005
-80.1876031,43.3432345,3525005_2,3525005
-80.19252159999999,43.3424008,3525005_2,3525005
-80.2007117,43.341239099999996,3525005_2,3525005
-80.2027334,43.340930099999994,3525005_2,3525005
-80.2133762,43.3393024,3525005_2,3525005
-80.2186516,43.33844560000001,3525005_2,3525005
-80.2312561,43.33639699999999,3525005_2,3525005
-80.23345859999999,43.3360388,3525005_2,3525005
-80.2359505,43.3356316,3525005_2,3525005
-80.2375833,43.3353648,3525005_2,3525005
-80.24326169999999,43.334375200000004,3525005_2,3525005
-80.24848620000002,43.333585799999994,3525005_2,3525005
-80.24706499999999,43.3296222,3525005_2,3525005
-80.2470629,43.3296164,3525005_2,3525005
-80.2451178,43.32435050000001,3525005_2,3525005
-80.2450885,43.3243296,3525005_2,3525005
-80.2444496,43.3226465,3525005_2,3525005
-80.24381129999999,43.3209096,3525005_2,3525005
-80.2390988,43.30820109999999,3525005_2,3525005
-80.2389046,43.307544799999995,3525005_2,3525005
-80.2384348,43.3065339,3525005_2,3525005
-80.2378169,43.3045176,3525005_2,3525005
-80.2333209,43.293477499999995,3525005_2,3525005
-80.2332668,43.293149199999995,3525005_2,3525005
-80.23306819999999,43.292631500000006,3525005_2,3525005
-80.23295,43.2923233,3525005_2,3525005
-80.2322605,43.29066460000001,3525005_2,3525005
-80.2310514,43.28744419999999,3525005_2,3525005
-80.2310378,43.287408,3525005_2,3525005
-80.2276547,43.2787284,3525005_2,3525005
-80.2276329,43.2786726,3525005_2,3525005
-80.2274786,43.27836550000001,3525005_2,3525005
-80.22722139999999,43.2776668,3525005_2,3525005
-80.22707179999999,43.277468899999995,3525005_2,3525005
-80.22702369999999,43.2773695,3525005_2,3525005
-80.2270173,43.27732700000001,3525005_2,3525005
-80.2269896,43.277144199999995,3525005_2,3525005
-80.2269369,43.27703400000001,3525005_2,3525005
-80.2264768,43.275852099999994,3525005_2,3525005
-80.2264692,43.275831499999995,3525005_2,3525005
-80.2256467,43.27361839999999,3525005_2,3525005
-80.225297,43.2726803,3525005_2,3525005
-80.2252668,43.272622,3525005_2,3525005
-80.225257,43.272603,3525005_2,3525005
-80.2249046,43.27192290000001,3525005_2,3525005
-80.22486789999999,43.271847699999995,3525005_2,3525005
-80.2248417,43.271794199999995,3525005_2,3525005
-80.22485549999999,43.2713453,3525005_2,3525005
-80.2237859,43.2688886,3525005_2,3525005
-80.223704,43.2687017,3525005_2,3525005
-80.22205319999999,43.2646387,3525005_2,3525005
-80.22199189999999,43.2645327,3525005_2,3525005
-80.2218621,43.264308199999995,3525005_2,3525005
-80.2218415,43.26425229999999,3525005_2,3525005
-80.2208331,43.26152330000001,3525005_2,3525005
-80.22046449999999,43.2605985,3525005_2,3525005
-80.22019739999999,43.25988050000001,3525005_2,3525005
-80.21978349999999,43.258837,3525005_2,3525005
-80.2193932,43.25781299999999,3525005_2,3525005
-80.21909529999999,43.257040800000006,3525005_2,3525005
-80.2187603,43.2561718,3525005_2,3525005
-80.2183404,43.2550813,3525005_2,3525005
-80.2182258,43.25478640000001,3525005_2,3525005
-80.2165704,43.250388799999996,3525005_2,3525005
-80.216443,43.2500503,3525005_2,3525005
-80.21628319999999,43.2496425,3525005_2,3525005
-80.21625829999999,43.24957899999999,3525005_2,3525005
-80.2152205,43.246873300000004,3525005_2,3525005
-80.2131196,43.24139530000001,3525005_2,3525005
-80.2120668,43.238664899999996,3525005_2,3525005
-80.2120645,43.238658699999995,3525005_2,3525005
-80.2119472,43.2383985,3525005_2,3525005
-80.2106261,43.235467199999995,3525005_2,3525005
-80.2105008,43.2351892,3525005_2,3525005
-80.2098966,43.2338479,3525005_2,3525005
-80.2098384,43.2336041,3525005_2,3525005
-80.2092961,43.2321647,3525005_2,3525005
-80.2090241,43.2314821,3525005_2,3525005
-80.2081767,43.229450699999994,3525005_2,3525005
-80.2064817,43.22544099999999,3525005_2,3525005
-80.2061514,43.224596899999995,3525005_2,3525005
-80.20570029999999,43.223424200000004,3525005_2,3525005
-80.2055053,43.22298560000001,3525005_2,3525005
-80.20506569999999,43.22190189999999,3525005_2,3525005
-80.2036257,43.21831859999999,3525005_2,3525005
-80.2034821,43.2180025,3525005_2,3525005
-80.2034486,43.2179267,3525005_2,3525005
-80.2034462,43.2179212,3525005_2,3525005
-80.20344519999999,43.2179188,3525005_2,3525005
-80.20304089999999,43.2169008,3525005_2,3525005
-80.2021705,43.2147246,3525005_2,3525005
-80.2012884,43.212503299999995,3525005_2,3525005
-80.2006814,43.210905200000006,3525005_2,3525005
-80.20063290000002,43.210850900000004,3525005_2,3525005
-80.2005966,43.21079659999999,3525005_2,3525005
-80.20054809999999,43.2107422,3525005_2,3525005
-80.20048729999999,43.210687799999995,3525005_2,3525005
-80.2004263,43.21064229999999,3525005_2,3525005
-80.2003653,43.2105969,3525005_2,3525005
-80.20029199999999,43.2105603,3525005_2,3525005
-80.2002186,43.2105238,3525005_2,3525005
-80.2001329,43.210487199999996,3525005_2,3525005
-80.20005929999999,43.21046869999999,3525005_2,3525005
-80.1993731,43.2102207,3525005_2,3525005
-80.1986991,43.209981899999995,3525005_2,3525005
-80.1985096,43.209910799999996,3525005_2,3525005
-80.1983843,43.20986380000001,3525005_2,3525005
-80.1982831,43.209826,3525005_2,3525005
-80.1975721,43.2095598,3525005_2,3525005
-80.19541629999999,43.20873419999999,3525005_2,3525005
-80.1948773,43.208532299999995,3525005_2,3525005
-80.1944659,43.2083747,3525005_2,3525005
-80.19435059999999,43.208330499999995,3525005_2,3525005
-80.19433719999999,43.208325300000006,3525005_2,3525005
-80.1914845,43.20722969999999,3525005_2,3525005
-80.1895737,43.206513799999996,3525005_2,3525005
-80.1894724,43.206480000000006,3525005_2,3525005
-80.1804342,43.2030363,3525005_2,3525005
-80.18034879999999,43.203002,3525005_2,3525005
-80.177341,43.20179379999999,3525005_2,3525005
-80.1770327,43.2016699,3525005_2,3525005
-80.16636369999999,43.1977046,3525005_2,3525005
-80.1619305,43.196056299999995,3525005_2,3525005
-80.16126609999999,43.1958707,3525005_2,3525005
-80.1612574,43.19586820000001,3525005_2,3525005
-80.15668199999999,43.19454439999999,3525005_2,3525005
-80.1565413,43.194361799999996,3525005_2,3525005
-80.1563702,43.19427049999999,3525005_2,3525005
-80.15345529999999,43.193240499999995,3525005_2,3525005
-80.153199,43.193085499999995,3525005_2,3525005
-80.1531155,43.192985500000006,3525005_2,3525005
-80.15257369999999,43.192866099999996,3525005_2,3525005
-80.15143719999999,43.1926158,3525005_2,3525005
-80.14645449999999,43.1906248,3525005_2,3525005
-80.1430046,43.1895648,3525005_2,3525005
-80.14134849999999,43.1890674,3525005_2,3525005
-80.1395675,43.188463899999995,3525005_2,3525005
-80.1372596,43.1876224,3525005_2,3525005
-80.13462,43.18665999999999,3525005_2,3525005
-80.1280365,43.1841761,3525005_2,3525005
-80.12518399999999,43.183099600000006,3525005_2,3525005
-80.1249172,43.183056099999995,3525005_2,3525005
-80.12459950000002,43.1830043,3525005_2,3525005
-80.11785259999999,43.180608899999996,3525005_2,3525005
-80.1119107,43.178444400000004,3525005_2,3525005
-80.1119054,43.17844249999999,3525005_2,3525005
-80.1041533,43.175593400000004,3525005_2,3525005
-80.1020308,43.1748132,3525005_2,3525005
-80.0928492,43.1714487,3525005_2,3525005
-80.0927886,43.1714264,3525005_2,3525005
-80.0842447,43.1682761,3525005_2,3525005
-80.0840405,43.1681946,3525005_2,3525005
-80.0808011,43.1669011,3525005_2,3525005
-80.07989590000001,43.1666886,3525005_2,3525005
-80.0796252,43.1665674,3525005_2,3525005
-80.07944599999999,43.1665377,3525005_2,3525005
-80.0793858,43.1665278,3525005_2,3525005
-80.0767176,43.16551539999999,3525005_2,3525005
-80.072187,43.1637953,3525005_2,3525005
-80.06913019999999,43.162634499999996,3525005_2,3525005
-80.0686532,43.1624534,3525005_2,3525005
-80.0676733,43.16208129999999,3525005_2,3525005
-80.0673163,43.1619457,3525005_2,3525005
-80.0628566,43.16042709999999,3525005_2,3525005
-80.05630839999999,43.157866399999996,3525005_2,3525005
-80.05624379999999,43.15787460000001,3525005_2,3525005
-80.05601,43.1578817,3525005_2,3525005
-80.0553101,43.1578039,3525005_2,3525005
-80.0548816,43.1576743,3525005_2,3525005
-80.05300299999999,43.156939,3525005_2,3525005
-80.0482308,43.1550708,3525005_2,3525005
-80.0465416,43.1544552,3525005_2,3525005
-80.0463596,43.1543889,3525005_2,3525005
-80.0410137,43.152460999999995,3525005_2,3525005
-80.0409659,43.15244380000001,3525005_2,3525005
-80.04086290000001,43.152404999999995,3525005_2,3525005
-80.0408192,43.15238850000001,3525005_2,3525005
-80.03964289999999,43.1519605,3525005_2,3525005
-80.0396286,43.1519553,3525005_2,3525005
-80.0394006,43.15187230000001,3525005_2,3525005
-80.0390583,43.1517434,3525005_2,3525005
-80.0323081,43.149282199999995,3525005_2,3525005
-80.02796660000001,43.147741599999996,3525005_2,3525005
-80.0279177,43.1477232,3525005_2,3525005
-80.027881,43.14771390000001,3525005_2,3525005
-80.02784419999999,43.147704600000004,3525005_2,3525005
-80.02780729999999,43.14770430000001,3525005_2,3525005
-80.0277581,43.147703799999995,3525005_2,3525005
-80.0277213,43.1477035,3525005_2,3525005
-80.0276719,43.14771210000001,3525005_2,3525005
-80.0276349,43.1477208,3525005_2,3525005
-80.02759789999999,43.14772949999999,3525005_2,3525005
-80.0275608,43.1477382,3525005_2,3525005
-80.0273751,43.1478176,3525005_2,3525005
-80.0273266,43.1477722,3525005_2,3525005
-80.0272416,43.1477084,3525005_2,3525005
-80.02716889999999,43.147635799999996,3525005_2,3525005
-80.0270594,43.1475628,3525005_2,3525005
-80.02694989999999,43.1474899,3525005_2,3525005
-80.026828,43.147416799999995,3525005_2,3525005
-80.02670619999999,43.1473437,3525005_2,3525005
-80.0265843,43.1472796,3525005_2,3525005
-80.02646229999999,43.1472156,3525005_2,3525005
-80.0263279,43.1471604,3525005_2,3525005
-80.02619349999999,43.1471052,3525005_2,3525005
-80.0260589,43.147059,3525005_2,3525005
-80.0259244,43.1470129,3525005_2,3525005
-80.0156408,43.14334099999999,3525005_2,3525005
-80.0117776,43.1419299,3525005_2,3525005
-80.01043279999999,43.1414411,3525005_2,3525005
-80.0100294,43.141293499999996,3525005_2,3525005
-80.004968,43.13947559999999,3525005_2,3525005
-80.0000053,43.13765840000001,3525005_2,3525005
-79.99682729999999,43.136496099999995,3525005_2,3525005
-79.993466,43.1352779,3525005_2,3525005
-79.9921581,43.134807099999996,3525005_2,3525005
-79.9900068,43.134031799999995,3525005_2,3525005
-79.9899947,43.1340227,3525005_2,3525005
-79.98993349999999,43.13400409999999,3525005_2,3525005
-79.9849588,43.13222220000001,3525005_2,3525005
-79.9843822,43.132020999999995,3525005_2,3525005
-79.9843231,43.132000399999995,3525005_2,3525005
-79.9841959,43.131955399999995,3525005_2,3525005
-79.9799106,43.1304393,3525005_2,3525005
-79.97509459999999,43.128757400000005,3525005_2,3525005
-79.9741291,43.1284156,3525005_2,3525005
-79.9735668,43.12822140000001,3525005_2,3525005
-79.9691794,43.126660199999996,3525005_2,3525005
-79.967603,43.1260967,3525005_2,3525005
-79.9653666,43.1253021,3525005_2,3525005
-79.9653178,43.12528359999999,3525005_2,3525005
-79.9652689,43.1252652,3525005_2,3525005
-79.9652201,43.1252467,3525005_2,3525005
-79.9651712,43.1252283,3525005_2,3525005
-79.9651346,43.12520990000001,3525005_2,3525005
-79.9650858,43.1251915,3525005_2,3525005
-79.96503690000002,43.125173,3525005_2,3525005
-79.9649882,43.1251456,3525005_2,3525005
-79.9649393,43.1251271,3525005_2,3525005
-79.9648905,43.1251087,3525005_2,3525005
-79.964854,43.12508129999999,3525005_2,3525005
-79.96481759999999,43.125054,3525005_2,3525005
-79.964781,43.1250356,3525005_2,3525005
-79.9647323,43.125008199999996,3525005_2,3525005
-79.9646958,43.1249898,3525005_2,3525005
-79.96464689999999,43.1249714,3525005_2,3525005
-79.96461029999999,43.1249531,3525005_2,3525005
-79.96456150000002,43.1249346,3525005_2,3525005
-79.96451259999999,43.1249161,3525005_2,3525005
-79.9644637,43.124897700000005,3525005_2,3525005
-79.964305,43.1248332,3525005_2,3525005
-79.9608956,43.123622700000006,3525005_2,3525005
-79.95688729999999,43.1222175,3525005_2,3525005
-79.95686289999999,43.1222083,3525005_2,3525005
-79.9544555,43.121366800000004,3525005_2,3525005
-79.9481382,43.1191478,3525005_2,3525005
-79.94342209999999,43.1174745,3525005_2,3525005
-79.93845,43.11569950000001,3525005_2,3525005
-79.93440629999999,43.114266199999996,3525005_2,3525005
-79.93362429999999,43.1139978,3525005_2,3525005
-79.933619,43.1139959,3525005_2,3525005
-79.9327448,43.1136834,3525005_2,3525005
-79.92646669999999,43.1114185,3525005_2,3525005
-79.921154,43.1094955,3525005_2,3525005
-79.9165258,43.1078039,3525005_2,3525005
-79.9137045,43.10680459999999,3525005_2,3525005
-79.9108834,43.1057963,3525005_2,3525005
-79.90757400000001,43.1046121,3525005_2,3525005
-79.9007482,43.1021515,3525005_2,3525005
-79.9006016,43.102104999999995,3525005_2,3525005
-79.89686449999999,43.1008084,3525005_2,3525005
-79.89398249999999,43.099799000000004,3525005_2,3525005
-79.8925782,43.099308199999996,3525005_2,3525005
-79.8881451,43.097788400000006,3525005_2,3525005
-79.8878032,43.097668,3525005_2,3525005
-79.8875467,43.0975755,3525005_2,3525005
-79.8831634,43.096029,3525005_2,3525005
-79.87881689999999,43.0945007,3525005_2,3525005
-79.8787925,43.0944914,3525005_2,3525005
-79.8781455,43.094260000000006,3525005_2,3525005
-79.8732864,43.0925553,3525005_2,3525005
-79.8709791,43.0917402,3525005_2,3525005
-79.8650222,43.0896281,3525005_2,3525005
-79.8636673,43.0891464,3525005_2,3525005
-79.8632524,43.0889892,3525005_2,3525005
-79.86148229999999,43.0883773,3525005_2,3525005
-79.858138,43.087191399999995,3525005_2,3525005
-79.8512658,43.08477119999999,3525005_2,3525005
-79.85055840000001,43.0845221,3525005_2,3525005
-79.8356476,43.0791395,3525005_2,3525005
-79.8320607,43.0778423,3525005_2,3525005
-79.8242886,43.0750793,3525005_2,3525005
-79.8241421,43.07503270000001,3525005_2,3525005
-79.8199684,43.073612,3525005_2,3525005
-79.81207479999999,43.0708379,3525005_2,3525005
-79.8112084,43.070540699999995,3525005_2,3525005
-79.81067159999999,43.0703551,3525005_2,3525005
-79.81054970000001,43.0703088,3525005_2,3525005
-79.8096958,43.070002699999996,3525005_2,3525005
-79.8035842,43.0678499,3525005_2,3525005
-79.7984247,43.0660038,3525005_2,3525005
-79.79841449999999,43.066018799999995,3525005_2,3525005
-79.79524990000002,43.0648628,3525005_2,3525005
-79.79356299999999,43.0642879,3525005_2,3525005
-79.790621,43.0631964,3525005_2,3525005
-79.79031599999999,43.0630941,3525005_2,3525005
-79.78331519999999,43.0606426,3525005_2,3525005
-79.78162019999999,43.0600358,3525005_2,3525005
-79.7770539,43.058422500000006,3525005_2,3525005
-79.7718524,43.056585,3525005_2,3525005
-79.7707301,43.0562127,3525005_2,3525005
-79.77063129999999,43.056172499999995,3525005_2,3525005
-79.76942799999999,43.0557609,3525005_2,3525005
-79.7687287,43.0555217,3525005_2,3525005
-79.7686064,43.05549329999999,3525005_2,3525005
-79.7684958,43.055501199999995,3525005_2,3525005
-79.76754520000001,43.05523600000001,3525005_2,3525005
-79.7673259,43.05514780000001,3525005_2,3525005
-79.7671939,43.0550947,3525005_2,3525005
-79.7661487,43.054722399999996,3525005_2,3525005
-79.76591719999999,43.05464,3525005_2,3525005
-79.7653648,43.054469399999995,3525005_2,3525005
-79.7653433,43.0544619,3525005_2,3525005
-79.7606732,43.0528216,3525005_2,3525005
-79.7605789,43.052788500000005,3525005_2,3525005
-79.7575951,43.0516733,3525005_2,3525005
-79.7570825,43.0514783,3525005_2,3525005
-79.7554937,43.050964799999996,3525005_2,3525005
-79.75539619999999,43.050918599999996,3525005_2,3525005
-79.754797,43.0507406,3525005_2,3525005
-79.7545528,43.05065679999999,3525005_2,3525005
-79.75410049999999,43.0505165,3525005_2,3525005
-79.7540796,43.050534,3525005_2,3525005
-79.75398,43.0506185,3525005_2,3525005
-79.75396370000001,43.0506323,3525005_2,3525005
-79.75388889999999,43.050712700000005,3525005_2,3525005
-79.7534953,43.0515925,3525005_2,3525005
-79.7534696,43.0516645,3525005_2,3525005
-79.7534572,43.05167329999999,3525005_2,3525005
-79.75142,43.056349999999995,3525005_2,3525005
-79.75034,43.0589,3525005_2,3525005
-79.7496,43.060610000000004,3525005_2,3525005
-79.74931,43.061299999999996,3525005_2,3525005
-79.74868,43.06278,3525005_2,3525005
-79.74838969999999,43.0635675,3525005_2,3525005
-79.7481183,43.0642308,3525005_2,3525005
-79.7480672,43.0643293,3525005_2,3525005
-79.7471884,43.066471899999996,3525005_2,3525005
-79.74711049999999,43.06667809999999,3525005_2,3525005
-79.7470982,43.066677999999996,3525005_2,3525005
-79.7465665,43.0680589,3525005_2,3525005
-79.7464901,43.068193199999996,3525005_2,3525005
-79.74598499999999,43.069412,3525005_2,3525005
-79.7458243,43.0697997,3525005_2,3525005
-79.74565050000001,43.070219099999996,3525005_2,3525005
-79.7446168,43.0727201,3525005_2,3525005
-79.743749,43.07491669999999,3525005_2,3525005
-79.7433739,43.0758401,3525005_2,3525005
-79.7430116,43.0767366,3525005_2,3525005
-79.74283070000001,43.0771758,3525005_2,3525005
-79.74261770000001,43.07770789999999,3525005_2,3525005
-79.7424682,43.078081399999995,3525005_2,3525005
-79.742076,43.07903969999999,3525005_2,3525005
-79.7416794,43.0800087,3525005_2,3525005
-79.73985909999999,43.084311,3525005_2,3525005
-79.7382581,43.088093400000005,3525005_2,3525005
-79.73821980000001,43.088165000000004,3525005_2,3525005
-79.73811599999999,43.08843399999999,3525005_2,3525005
-79.7379869,43.0887387,3525005_2,3525005
-79.73767,43.089529999999996,3525005_2,3525005
-79.73749,43.08988000000001,3525005_2,3525005
-79.73631,43.09277,3525005_2,3525005
-79.73522,43.09534000000001,3525005_2,3525005
-79.73425999999999,43.097629999999995,3525005_2,3525005
-79.7329469,43.1007855,3525005_2,3525005
-79.7323397,43.1022195,3525005_2,3525005
-79.7320814,43.102829,3525005_2,3525005
-79.73160299999999,43.1039763,3525005_2,3525005
-79.7313703,43.104532,3525005_2,3525005
-79.72926389999999,43.10952429999999,3525005_2,3525005
-79.72882249999999,43.1105771,3525005_2,3525005
-79.72838469999999,43.1116216,3525005_2,3525005
-79.72788090000002,43.1128047,3525005_2,3525005
-79.7278805,43.112822699999995,3525005_2,3525005
-79.72732409999999,43.114167200000004,3525005_2,3525005
-79.7265106,43.11610719999999,3525005_2,3525005
-79.72612149999999,43.11703529999999,3525005_2,3525005
-79.7257403,43.11794949999999,3525005_2,3525005
-79.72511250000001,43.11945540000001,3525005_2,3525005
-79.7239091,43.122350499999996,3525005_2,3525005
-79.72303029999999,43.1244118,3525005_2,3525005
-79.72214,43.12654,3525005_2,3525005
-79.72102000000001,43.12916,3525005_2,3525005
-79.71981,43.13205,3525005_2,3525005
-79.7188,43.13439,3525005_2,3525005
-79.7183872,43.13541769999999,3525005_2,3525005
-79.71658,43.13968,3525005_2,3525005
-79.7163182,43.140284,3525005_2,3525005
-79.71538939999999,43.142455399999996,3525005_2,3525005
-79.7153484,43.1425513,3525005_2,3525005
-79.7146623,43.1441915,3525005_2,3525005
-79.7143382,43.14498929999999,3525005_2,3525005
-79.7143139,43.1450401,3525005_2,3525005
-79.71429959999999,43.145069899999996,3525005_2,3525005
-79.7141831,43.145347699999995,3525005_2,3525005
-79.7135361,43.1468802,3525005_2,3525005
-79.71321209999999,43.147669,3525005_2,3525005
-79.7127043,43.1489318,3525005_2,3525005
-79.7127033,43.1489341,3525005_2,3525005
-79.71256420000002,43.149288299999995,3525005_2,3525005
-79.7125636,43.1492897,3525005_2,3525005
-79.71251869999999,43.14939629999999,3525005_2,3525005
-79.71160669999999,43.151563200000005,3525005_2,3525005
-79.710713,43.1536866,3525005_2,3525005
-79.7097531,43.1558393,3525005_2,3525005
-79.7074983,43.1553538,3525005_2,3525005
-79.7072314,43.155293799999995,3525005_2,3525005
-79.70024570000001,43.1537163,3525005_2,3525005
-79.69778409999999,43.1531509,3525005_2,3525005
-79.6977848,43.1531494,3525005_2,3525005
-79.69570379999999,43.15268450000001,3525005_2,3525005
-79.6953611,43.15260850000001,3525005_2,3525005
-79.6938433,43.152266999999995,3525005_2,3525005
-79.6916523,43.1517738,3525005_2,3525005
-79.691469,43.1517176,3525005_2,3525005
-79.6895109,43.151263,3525005_2,3525005
-79.6879075,43.1509024,3525005_2,3525005
-79.68589899999999,43.150422999999996,3525005_2,3525005
-79.6782017,43.14843409999999,3525005_2,3525005
-79.66818099999999,43.146352199999995,3525005_2,3525005
-79.6667606,43.1460216,3525005_2,3525005
-79.6632133,43.145195699999995,3525005_2,3525005
-79.6620607,43.144933200000004,3525005_2,3525005
-79.6619765,43.1449096,3525005_2,3525005
-79.6586348,43.1439735,3525005_2,3525005
-79.65762889999999,43.145547199999996,3525005_2,3525005
-79.6551436,43.1512506,3525005_2,3525005
-79.6544735,43.152899700000006,3525005_2,3525005
-79.6544237,43.15292609999999,3525005_2,3525005
-79.6543987,43.1529439,3525005_2,3525005
-79.6537397,43.1543685,3525005_2,3525005
-79.65195,43.15813000000001,3525005_2,3525005
-79.6504199,43.161587100000006,3525005_2,3525005
-79.6502776,43.1619009,3525005_2,3525005
-79.6502137,43.162008199999995,3525005_2,3525005
-79.6500712,43.1623394,3525005_2,3525005
-79.64997,43.16263,3525005_2,3525005
-79.6499,43.16279999999999,3525005_2,3525005
-79.64983,43.162940000000006,3525005_2,3525005
-79.64979,43.16304,3525005_2,3525005
-79.64975989999999,43.163079999999994,3525005_2,3525005
-79.64971,43.16310999999999,3525005_2,3525005
-79.64963999999999,43.163129999999995,3525005_2,3525005
-79.6463547,43.17118109999999,3525005_2,3525005
-79.64516909999999,43.1734094,3525005_2,3525005
-79.64507019999999,43.173642900000004,3525005_2,3525005
-79.64468839999999,43.174545099999996,3525005_2,3525005
-79.64210539999999,43.180646200000005,3525005_2,3525005
-79.6415804,43.1816763,3525005_2,3525005
-79.6415616,43.18171799999999,3525005_2,3525005
-79.6384241,43.1887167,3525005_2,3525005
-79.63808709999999,43.1895355,3525005_2,3525005
-79.6380823,43.189545599999995,3525005_2,3525005
-79.6378928,43.1900245,3525005_2,3525005
-79.6355991,43.1952827,3525005_2,3525005
-79.6309265,43.2061755,3525005_2,3525005
-79.6291289,43.21002989999999,3525005_2,3525005
-79.6290075,43.21034749999999,3525005_2,3525005
-79.6288125,43.2107574,3525005_2,3525005
-79.6286488,43.2111015,3525005_2,3525005
-79.62714749999999,43.214257700000005,3525005_2,3525005
-79.6271606,43.2147289,3525005_2,3525005
-79.62706639999999,43.2150875,3525005_2,3525005
-79.62642869999999,43.2161517,3525005_2,3525005
-79.6262524,43.2168399,3525005_2,3525005
-79.62596789999999,43.217668499999995,3525005_2,3525005
-79.625211,43.2193324,3525005_2,3525005
-79.6250677,43.219592,3525005_2,3525005
-79.62373819999999,43.2226236,3525005_2,3525005
-79.6236199,43.22293659999999,3525005_2,3525005
-79.6229455,43.224130300000006,3525005_2,3525005
-79.6223426,43.2254505,3525005_2,3525005
-79.62233479999999,43.2256639,3525005_2,3525005
-79.62223329999999,43.2258836,3525005_2,3525005
-79.62204969999999,43.226281,3525005_2,3525005
-79.62208749999999,43.2263077,3525005_2,3525005
-79.6221843,43.22638089999999,3525005_2,3525005
-79.6222465,43.2263546,3525005_2,3525005
-79.622267,43.2262973,3525005_2,3525005
-79.62237789999999,43.225986999999996,3525005_2,3525005
-79.6224185,43.2259376,3525005_2,3525005
-79.6228253,43.2260866,3525005_2,3525005
-79.622793,43.2261451,3525005_2,3525005
-79.62279079999999,43.226244099999995,3525005_2,3525005
-79.62287669999999,43.2262541,3525005_2,3525005
-79.6229151,43.2261916,3525005_2,3525005
-79.6229524,43.226174,3525005_2,3525005
-79.62307559999999,43.226175500000004,3525005_2,3525005
-79.6231367,43.226194199999995,3525005_2,3525005
-79.62340549999999,43.2262875,3525005_2,3525005
-79.6237226,43.2264424,3525005_2,3525005
-79.6239224,43.22654000000001,3525005_2,3525005
-79.6239536,43.2265552,3525005_2,3525005
-79.6242333,43.22671169999999,3525005_2,3525005
-79.6249283,43.227017200000006,3525005_2,3525005
-79.62498889999999,43.2270629,3525005_2,3525005
-79.625025,43.22709939999999,3525005_2,3525005
-79.6252326,43.2271739,3525005_2,3525005
-79.6255374,43.22731259999999,3525005_2,3525005
-79.62567159999999,43.2273683,3525005_2,3525005
-79.6260003,43.22753429999999,3525005_2,3525005
-79.626036,43.22758880000001,3525005_2,3525005
-79.62604809999999,43.22759789999999,3525005_2,3525005
-79.6261339,43.227616999999995,3525005_2,3525005
-79.6263046,43.22769100000001,3525005_2,3525005
-79.62641359999999,43.2277734,3525005_2,3525005
-79.6264368,43.227836700000005,3525005_2,3525005
-79.62643659999999,43.227845699999996,3525005_2,3525005
-79.62663239999999,43.22790210000001,3525005_2,3525005
-79.62676619999999,43.2279757,3525005_2,3525005
-79.62688829999999,43.2280222,3525005_2,3525005
-79.62700939999999,43.2281137,3525005_2,3525005
-79.6270208,43.2281499,3525005_2,3525005
-79.62704529999999,43.2281592,3525005_2,3525005
-79.6272045,43.228197099999996,3525005_2,3525005
-79.62737539999999,43.228262199999996,3525005_2,3525005
-79.6276311,43.2283913,3525005_2,3525005
-79.6276804,43.2283919,3525005_2,3525005
-79.62794939999999,43.228476199999996,3525005_2,3525005
-79.628551,43.2285554,3525005_2,3525005
-79.62900669999999,43.2285519,3525005_2,3525005
-79.6292544,43.2284918,3525005_2,3525005
-79.62941579999999,43.2284307,3525005_2,3525005
-79.62965109999999,43.228370500000004,3525005_2,3525005
-79.6299724,43.2283203,3525005_2,3525005
-79.6304534,43.228290099999995,3525005_2,3525005
-79.6305402,43.22826409999999,3525005_2,3525005
-79.6307511,43.228194599999995,3525005_2,3525005
-79.630951,43.22806190000001,3525005_2,3525005
-79.6314598,43.2278879,3525005_2,3525005
-79.6317193,43.227846,3525005_2,3525005
-79.6321993,43.227860799999995,3525005_2,3525005
-79.6322735,43.2278436,3525005_2,3525005
-79.6322983,43.2278349,3525005_2,3525005
-79.6324231,43.2277644,3525005_2,3525005
-79.63246389999999,43.227749599999996,3525005_2,3525005
-79.6328327,43.22761620000001,3525005_2,3525005
-79.6331443,43.2274488,3525005_2,3525005
-79.6334035,43.227424899999995,3525005_2,3525005
-79.6334406,43.22741639999999,3525005_2,3525005
-79.6336759,43.227356099999994,3525005_2,3525005
-79.6338858,43.2273316,3525005_2,3525005
-79.6339966,43.2273329,3525005_2,3525005
-79.6340214,43.2273242,3525005_2,3525005
-79.6342208,43.2272186,3525005_2,3525005
-79.63444319999999,43.2271852,3525005_2,3525005
-79.6346781,43.227143,3525005_2,3525005
-79.63481569999999,43.2270456,3525005_2,3525005
-79.6351622,43.2269687,3525005_2,3525005
-79.63528629999999,43.226925099999995,3525005_2,3525005
-79.6354097,43.2269176,3525005_2,3525005
-79.63552,43.226936900000005,3525005_2,3525005
-79.6356082,43.226847899999996,3525005_2,3525005
-79.63570829999999,43.22677710000001,3525005_2,3525005
-79.636055,43.2266912,3525005_2,3525005
-79.6365846,43.226688499999995,3525005_2,3525005
-79.6366594,43.2266443,3525005_2,3525005
-79.6367593,43.2265825,3525005_2,3525005
-79.6369577,43.2265218,3525005_2,3525005
-79.6372544,43.2264714,3525005_2,3525005
-79.6374889,43.2264471,3525005_2,3525005
-79.63757520000001,43.2264392,3525005_2,3525005
-79.63789729999999,43.226352899999995,3525005_2,3525005
-79.6379652,43.22633690000001,3525005_2,3525005
-79.6384791,43.2262158,3525005_2,3525005
-79.63887559999999,43.2261035,3525005_2,3525005
-79.63918559999999,43.2260081,3525005_2,3525005
-79.6394092,43.225920699999996,3525005_2,3525005
-79.6395702,43.2258776,3525005_2,3525005
-79.639928,43.2258458,3525005_2,3525005
-79.6402876,43.2257331,3525005_2,3525005
-79.6404606,43.2257081,3525005_2,3525005
-79.6407072,43.225693,3525005_2,3525005
-79.6407574,43.2256486,3525005_2,3525005
-79.6409302,43.225632600000004,3525005_2,3525005
-79.64102969999999,43.225588800000004,3525005_2,3525005
-79.6412694,43.2253305,3525005_2,3525005
-79.641294,43.2253308,3525005_2,3525005
-79.6414546,43.2253057,3525005_2,3525005
-79.64162689999999,43.2253077,3525005_2,3525005
-79.64194839999999,43.2252485,3525005_2,3525005
-79.64224469999999,43.225215999999996,3525005_2,3525005
-79.6423557,43.22520829999999,3525005_2,3525005
-79.64283879999999,43.225079,3525005_2,3525005
-79.6431221,43.2250734,3525005_2,3525005
-79.64345589999999,43.225014300000005,3525005_2,3525005
-79.643877,43.224902199999995,3525005_2,3525005
-79.644682,43.224695700000005,3525005_2,3525005
-79.6449043,43.224662300000006,3525005_2,3525005
-79.6451396,43.224602,3525005_2,3525005
-79.6453382,43.2245323,3525005_2,3525005
-79.6464799,43.2241316,3525005_2,3525005
-79.64671539999999,43.2240624,3525005_2,3525005
-79.6470247,43.223994,3525005_2,3525005
-79.6473355,43.2238626,3525005_2,3525005
-79.6475336,43.2238109,3525005_2,3525005
-79.6477683,43.22377769999999,3525005_2,3525005
-79.6480272,43.22376279999999,3525005_2,3525005
-79.6484001,43.2236051,3525005_2,3525005
-79.6487468,43.22351909999999,3525005_2,3525005
-79.648994,43.223476999999995,3525005_2,3525005
-79.6491427,43.2234338,3525005_2,3525005
-79.6494135,43.223437,3525005_2,3525005
-79.64962489999999,43.2233404,3525005_2,3525005
-79.65013239999999,43.2232203,3525005_2,3525005
-79.6502438,43.22319460000001,3525005_2,3525005
-79.65093399999999,43.22316680000001,3525005_2,3525005
-79.6511307,43.2231781,3525005_2,3525005
-79.6513154,43.223180299999996,3525005_2,3525005
-79.652301,43.2231558,3525005_2,3525005
-79.6524979,43.2231582,3525005_2,3525005
-79.65309,43.2231111,3525005_2,3525005
-79.65321349999999,43.223094599999996,3525005_2,3525005
-79.653386,43.22308760000001,3525005_2,3525005
-79.6534482,43.2230613,3525005_2,3525005
-79.6535609,43.2229726,3525005_2,3525005
-79.6535734,43.2229637,3525005_2,3525005
-79.65362309999999,43.2229463,3525005_2,3525005
-79.6541403,43.222943400000005,3525005_2,3525005
-79.6549891,43.2229804,3525005_2,3525005
-79.6552952,43.223056,3525005_2,3525005
-79.6554918,43.223076400000004,3525005_2,3525005
-79.65587099999999,43.223188900000004,3525005_2,3525005
-79.6560676,43.2232092,3525005_2,3525005
-79.6562386,43.2232742,3525005_2,3525005
-79.6564717,43.223313,3525005_2,3525005
-79.6568642,43.2233806,3525005_2,3525005
-79.6574638,43.2235497,3525005_2,3525005
-79.6577825,43.223616500000006,3525005_2,3525005
-79.6581999,43.2236754,3525005_2,3525005
-79.6588001,43.223817499999996,3525005_2,3525005
-79.6590566,43.223910599999996,3525005_2,3525005
-79.6593503,43.223995099999996,3525005_2,3525005
-79.6599025,43.224082599999996,3525005_2,3525005
-79.66012250000001,43.22415720000001,3525005_2,3525005
-79.66034350000001,43.2241868,3525005_2,3525005
-79.6604165,43.2242237,3525005_2,3525005
-79.66044099999999,43.224233,3525005_2,3525005
-79.66061309999999,43.224244000000006,3525005_2,3525005
-79.66076029999999,43.2242727,3525005_2,3525005
-79.6609189,43.2243376,3525005_2,3525005
-79.6615063,43.2245066,3525005_2,3525005
-79.66173859999999,43.224581300000004,3525005_2,3525005
-79.661763,43.2245906,3525005_2,3525005
-79.6619596,43.224610899999995,3525005_2,3525005
-79.662143,43.224667100000005,3525005_2,3525005
-79.66246009999999,43.22480589999999,3525005_2,3525005
-79.6626563,43.2248442,3525005_2,3525005
-79.6628398,43.224900399999996,3525005_2,3525005
-79.6631446,43.225038999999995,3525005_2,3525005
-79.6635598,43.2251969,3525005_2,3525005
-79.6636939,43.225261499999995,3525005_2,3525005
-79.6646231,43.2255605,3525005_2,3525005
-79.66509909999999,43.2257552,3525005_2,3525005
-79.66523459999999,43.2257568,3525005_2,3525005
-79.66531599999999,43.2257612,3525005_2,3525005
-79.6654436,43.225768200000005,3525005_2,3525005
-79.6656744,43.225915,3525005_2,3525005
-79.6662963,43.226192399999995,3525005_2,3525005
-79.6675017,43.2268187,3525005_2,3525005
-79.6675869,43.22686470000001,3525005_2,3525005
-79.66789179999999,43.2270033,3525005_2,3525005
-79.6683537,43.227278899999995,3525005_2,3525005
-79.66886509999999,43.22754599999999,3525005_2,3525005
-79.6700197,43.2282437,3525005_2,3525005
-79.67020149999999,43.2283809,3525005_2,3525005
-79.6708457,43.2287666,3525005_2,3525005
-79.6713694,43.229033799999996,3525005_2,3525005
-79.6715029,43.22912540000001,3525005_2,3525005
-79.6720467,43.229599900000004,3525005_2,3525005
-79.6727145,43.230039899999994,3525005_2,3525005
-79.673114,43.23035970000001,3525005_2,3525005
-79.6735271,43.2306166,3525005_2,3525005
-79.67374629999999,43.2307273,3525005_2,3525005
-79.67379600000001,43.23070980000001,3525005_2,3525005
-79.6739255,43.23066679999999,3525005_2,3525005
-79.67403159999999,43.2306315,3525005_2,3525005
-79.6741315,43.230569599999995,3525005_2,3525005
-79.67426689999999,43.23057120000001,3525005_2,3525005
-79.67448759999999,43.230618799999995,3525005_2,3525005
-79.6752577,43.2308798,3525005_2,3525005
-79.6754639,43.2310263,3525005_2,3525005
-79.675708,43.2311282,3525005_2,3525005
-79.67585430000001,43.231192899999996,3525005_2,3525005
-79.67604840000001,43.231330199999995,3525005_2,3525005
-79.6762554,43.2314407,3525005_2,3525005
-79.6767035,43.231787999999995,3525005_2,3525005
-79.67692339999999,43.2318716,3525005_2,3525005
-79.6770457,43.231908999999995,3525005_2,3525005
-79.6772048,43.231955899999996,3525005_2,3525005
-79.6783626,43.232518600000006,3525005_2,3525005
-79.6785209,43.2326014,3525005_2,3525005
-79.6785816,43.2326382,3525005_2,3525005
-79.67908159999999,43.232869099999995,3525005_2,3525005
-79.6790937,43.232878199999995,3525005_2,3525005
-79.6798152,43.2331116,3525005_2,3525005
-79.6798885,43.23313949999999,3525005_2,3525005
-79.68034039999999,43.2333158,3525005_2,3525005
-79.6806709,43.2334097,3525005_2,3525005
-79.68078109999999,43.2334379,3525005_2,3525005
-79.68093999999999,43.2334938,3525005_2,3525005
-79.6811601,43.233568399999996,3525005_2,3525005
-79.6812333,43.233596199999994,3525005_2,3525005
-79.6813193,43.2336062,3525005_2,3525005
-79.68145439999999,43.2336258,3525005_2,3525005
-79.68207919999999,43.2337771,3525005_2,3525005
-79.6822641,43.23377019999999,3525005_2,3525005
-79.6824365,43.23377219999998,3525005_2,3525005
-79.6828046,43.2338304,3525005_2,3525005
-79.68291570000001,43.2338227,3525005_2,3525005
-79.6830149,43.233787799999995,3525005_2,3525005
-79.6831627,43.2337895,3525005_2,3525005
-79.6837623,43.23396749999999,3525005_2,3525005
-79.6840189,43.2340605,3525005_2,3525005
-79.6843756,43.2340826,3525005_2,3525005
-79.6845235,43.2340753,3525005_2,3525005
-79.68469689999999,43.2340323,3525005_2,3525005
-79.6849826,43.2339185,3525005_2,3525005
-79.68515529999999,43.2339025,3525005_2,3525005
-79.68546309999999,43.2339061,3525005_2,3525005
-79.68573339999999,43.233936199999995,3525005_2,3525005
-79.6859169,43.23399229999999,3525005_2,3525005
-79.68651849999999,43.2340802,3525005_2,3525005
-79.6867274,43.234100700000006,3525005_2,3525005
-79.6873665,43.234162,3525005_2,3525005
-79.6877208,43.2342922,3525005_2,3525005
-79.6881624,43.234378199999995,3525005_2,3525005
-79.6885298,43.234472499999995,3525005_2,3525005
-79.68871349999999,43.2345197,3525005_2,3525005
-79.6893053,43.2347246,3525005_2,3525005
-79.68938589999999,43.2347525,3525005_2,3525005
-79.6894222,43.23477990000001,3525005_2,3525005
-79.6896769,43.23496289999999,3525005_2,3525005
-79.6898851,43.2350193,3525005_2,3525005
-79.69052529999999,43.2350266,3525005_2,3525005
-79.6912725,43.23521530000001,3525005_2,3525005
-79.69160169999999,43.2353721,3525005_2,3525005
-79.6918705,43.2354743,3525005_2,3525005
-79.6922862,43.2356141,3525005_2,3525005
-79.6924707,43.2356252,3525005_2,3525005
-79.6927283,43.235673199999994,3525005_2,3525005
-79.6927406,43.2356733,3525005_2,3525005
-79.6928636,43.235683699999996,3525005_2,3525005
-79.6929372,43.2356936,3525005_2,3525005
-79.6931462,43.23571400000001,3525005_2,3525005
-79.69339049999999,43.2358068,3525005_2,3525005
-79.6934888,43.235816899999996,3525005_2,3525005
-79.6935869,43.2358361,3525005_2,3525005
-79.69378429999999,43.23582029999999,3525005_2,3525005
-79.6943369,43.235898600000006,3525005_2,3525005
-79.6945092,43.2359006,3525005_2,3525005
-79.6945463,43.23589199999999,3525005_2,3525005
-79.6946518,43.2358608,3525005_2,3525005
-79.69486859999999,43.235796699999995,3525005_2,3525005
-79.6950787,43.235763,3525005_2,3525005
-79.6954608,43.235749399999996,3525005_2,3525005
-79.6960912,43.2356395,3525005_2,3525005
-79.6961778,43.2356225,3525005_2,3525005
-79.6961901,43.235622600000006,3525005_2,3525005
-79.6964121,43.2356071,3525005_2,3525005
-79.6966588,43.235592,3525005_2,3525005
-79.6969179,43.23556789999999,3525005_2,3525005
-79.6969302,43.23556800000001,3525005_2,3525005
-79.697152,43.2355616,3525005_2,3525005
-79.6972136,43.235562300000005,3525005_2,3525005
-79.6973494,43.2355458,3525005_2,3525005
-79.69755909999999,43.23553020000001,3525005_2,3525005
-79.6979285,43.2355344,3525005_2,3525005
-79.6981624,43.23553700000001,3525005_2,3525005
-79.6981994,43.2355375,3525005_2,3525005
-79.698667,43.235551799999996,3525005_2,3525005
-79.6991336,43.2356201,3525005_2,3525005
-79.6995266,43.2356696,3525005_2,3525005
-79.699711,43.235689699999995,3525005_2,3525005
-79.7000439,43.2356665,3525005_2,3525005
-79.7004864,43.2357075,3525005_2,3525005
-79.7007208,43.2356922,3525005_2,3525005
-79.70095700000002,43.2355868,3525005_2,3525005
-79.7011784,43.2355984,3525005_2,3525005
-79.70137410000001,43.235663599999995,3525005_2,3525005
-79.7014109,43.235673,3525005_2,3525005
-79.7017541,43.235749,3525005_2,3525005
-79.7028122,43.235797000000005,3525005_2,3525005
-79.70302149999999,43.2357994,3525005_2,3525005
-79.7031452,43.235773699999996,3525005_2,3525005
-79.7033543,43.23578510000001,3525005_2,3525005
-79.703575,43.235832599999995,3525005_2,3525005
-79.7038582,43.235835800000004,3525005_2,3525005
-79.7039575,43.235800999999995,3525005_2,3525005
-79.7040825,43.23571229999999,3525005_2,3525005
-79.70428009999999,43.2356876,3525005_2,3525005
-79.70456159999999,43.2357718,3525005_2,3525005
-79.70463560000002,43.2357636,3525005_2,3525005
-79.70504609999999,43.2355702,3525005_2,3525005
-79.70527059999999,43.2354376,3525005_2,3525005
-79.7055051,43.2354133,3525005_2,3525005
-79.7058124,43.2354438,3525005_2,3525005
-79.7063397,43.235548800000004,3525005_2,3525005
-79.7065239,43.235577899999996,3525005_2,3525005
-79.7065362,43.235578,3525005_2,3525005
-79.7069777,43.23566410000001,3525005_2,3525005
-79.70833619999999,43.2360666,3525005_2,3525005
-79.70885109999999,43.2361805,3525005_2,3525005
-79.7090468,43.2362457,3525005_2,3525005
-79.7092919,43.23630250000001,3525005_2,3525005
-79.7095732,43.236395699999996,3525005_2,3525005
-79.70997679999999,43.2365263,3525005_2,3525005
-79.71031839999999,43.236683299999996,3525005_2,3525005
-79.7104531,43.23672080000001,3525005_2,3525005
-79.7107238,43.2367329,3525005_2,3525005
-79.7109196,43.2367891,3525005_2,3525005
-79.71099319999999,43.236807899999995,3525005_2,3525005
-79.7115548,43.2370394,3525005_2,3525005
-79.71206699999999,43.23727929999999,3525005_2,3525005
-79.7124089,43.2374182,3525005_2,3525005
-79.712873,43.23760349999999,3525005_2,3525005
-79.7131187,43.237633300000006,3525005_2,3525005
-79.7131551,43.2376607,3525005_2,3525005
-79.71378729999999,43.238055,3525005_2,3525005
-79.7138484,43.2380737,3525005_2,3525005
-79.7138482,43.2380827,3525005_2,3525005
-79.7140447,43.23811189999999,3525005_2,3525005
-79.7141544,43.2381672,3525005_2,3525005
-79.7142767,43.238204599999996,3525005_2,3525005
-79.7144963,43.2383061,3525005_2,3525005
-79.7145567,43.238360799999995,3525005_2,3525005
-79.71491209999999,43.2384458,3525005_2,3525005
-79.7152074,43.2384582,3525005_2,3525005
-79.7154121,43.238500200000004,3525005_2,3525005
-79.7156244,43.238543899999996,3525005_2,3525005
-79.7165271,43.23895919999999,3525005_2,3525005
-79.71713629999999,43.2392722,3525005_2,3525005
-79.7178198,43.23956799999999,3525005_2,3525005
-79.7184063,43.2397907,3525005_2,3525005
-79.7190287,43.2400678,3525005_2,3525005
-79.7195527,43.2403348,3525005_2,3525005
-79.7200762,43.2406288,3525005_2,3525005
-79.72055189999999,43.2408503,3525005_2,3525005
-79.7210632,43.24113510000001,3525005_2,3525005
-79.7213311,43.2412822,3525005_2,3525005
-79.7217809,43.241566299999995,3525005_2,3525005
-79.722279,43.24189609999999,3525005_2,3525005
-79.722875,43.2422539,3525005_2,3525005
-79.7232995,43.2425738,3525005_2,3525005
-79.7233485,43.2425834,3525005_2,3525005
-79.7237737,43.2428672,3525005_2,3525005
-79.7240302,43.2429692,3525005_2,3525005
-79.7244711,43.24309110000001,3525005_2,3525005
-79.7248991,43.24323999999999,3525005_2,3525005
-79.7251196,43.2432965,3525005_2,3525005
-79.7252784,43.2433613,3525005_2,3525005
-79.7254609,43.2434714,3525005_2,3525005
-79.7256202,43.2435092,3525005_2,3525005
-79.7259505,43.24362089999999,3525005_2,3525005
-79.7260131,43.243567600000006,3525005_2,3525005
-79.7261721,43.2436234,3525005_2,3525005
-79.7267947,43.243891399999995,3525005_2,3525005
-79.7269906,43.2439476,3525005_2,3525005
-79.7270029,43.2439478,3525005_2,3525005
-79.72717349999999,43.244039699999995,3525005_2,3525005
-79.7272828,43.244113,3525005_2,3525005
-79.7273447,43.244095699999995,3525005_2,3525005
-79.7274936,43.244043299999994,3525005_2,3525005
-79.7276412,43.2440539,3525005_2,3525005
-79.72783749999999,43.2440921,3525005_2,3525005
-79.7278623,43.2440834,3525005_2,3525005
-79.7280954,43.244131,3525005_2,3525005
-79.7282903,43.2442322,3525005_2,3525005
-79.728657,43.2443714,3525005_2,3525005
-79.72870830000001,43.244272900000006,3525005_2,3525005
-79.7288066,43.244282999999996,3525005_2,3525005
-79.7292923,43.24448830000001,3525005_2,3525005
-79.7293316,43.244504899999995,3525005_2,3525005
-79.729661,43.244661699999995,3525005_2,3525005
-79.72991789999999,43.2447456,3525005_2,3525005
-79.7299543,43.24477299999999,3525005_2,3525005
-79.7300886,43.2448285,3525005_2,3525005
-79.73072280000001,43.2451327,3525005_2,3525005
-79.73084419999999,43.2452151,3525005_2,3525005
-79.73091810000001,43.2452159,3525005_2,3525005
-79.73101659999999,43.245217,3525005_2,3525005
-79.7311268,43.2452542,3525005_2,3525005
-79.7312486,43.2453186,3525005_2,3525005
-79.7314195,43.245392499999994,3525005_2,3525005
-79.7316292,43.2453769,3525005_2,3525005
-79.7317643,43.2453964,3525005_2,3525005
-79.7318744,43.2454336,3525005_2,3525005
-79.7319346,43.245497300000004,3525005_2,3525005
-79.7321192,43.2455084,3525005_2,3525005
-79.7322414,43.24555470000001,3525005_2,3525005
-79.7324972,43.245692600000005,3525005_2,3525005
-79.73256049999999,43.2456123,3525005_2,3525005
-79.7325984,43.245567699999995,3525005_2,3525005
-79.73268589999999,43.24550560000001,3525005_2,3525005
-79.73299410000001,43.245491,3525005_2,3525005
-79.7333376,43.2455579,3525005_2,3525005
-79.73340999999999,43.24563069999999,3525005_2,3525005
-79.7334216,43.245666899999996,3525005_2,3525005
-79.73348279999999,43.24568550000001,3525005_2,3525005
-79.7336947,43.245561800000004,3525005_2,3525005
-79.7339657,43.2455648,3525005_2,3525005
-79.73397609999999,43.2455679,3525005_2,3525005
-79.73407259999999,43.2457277,3525005_2,3525005
-79.74034069999999,43.250013499999994,3525005_2,3525005
-79.74040169999999,43.25005530000001,3525005_2,3525005
-79.74902639999999,43.2560697,3525005_2,3525005
-79.7666181,43.268330399999996,3525005_2,3525005
-79.7692665,43.270159799999995,3525005_2,3525005
-79.7737993,43.2732902,3525005_2,3525005
-79.7767365,43.275318299999995,3525005_2,3525005
-79.7771039,43.2758639,3525005_2,3525005
-79.7786208,43.278116,3525005_2,3525005
-79.77928039999999,43.27909520000001,3525005_2,3525005
-79.78014999999999,43.280386199999995,3525005_2,3525005
-79.7804749,43.280909099999995,3525005_2,3525005
-79.7816185,43.2827498,3525005_2,3525005
-79.7827709,43.2846046,3525005_2,3525005
-79.78368449999999,43.286075,3525005_2,3525005
-79.7855336,43.2890505,3525005_2,3525005
-79.7857008,43.2893196,3525005_2,3525005
-79.7859643,43.289743599999994,3525005_2,3525005
-79.78795269999999,43.29294290000001,3525005_2,3525005
-79.79235179999999,43.300019400000004,3525005_2,3525005
-79.7924419,43.3001642,3525005_2,3525005
-79.792673,43.30053579999999,3525005_2,3525005
-79.7929563,43.3008755,3525005_2,3525005
-79.7931692,43.301130699999995,3525005_2,3525005
-79.7931923,43.301049899999995,3525005_2,3525005
-79.79371139999999,43.3007154,3525005_2,3525005
-79.7939667,43.30054760000001,3525005_2,3525005
-79.79457800000002,43.3002286,3525005_2,3525005
-79.7950315,43.2999994,3525005_2,3525005
-79.7957206,43.2996106,3525005_2,3525005
-79.797185,43.2987458,3525005_2,3525005
-79.79743069999999,43.298619099999996,3525005_2,3525005
-79.798024,43.29833029999999,3525005_2,3525005
-79.7987538,43.297975099999995,3525005_2,3525005
-79.7995029,43.2976015,3525005_2,3525005
-79.7995395,43.29758209999999,3525005_2,3525005
-79.803161,43.295668299999996,3525005_2,3525005
-79.8153495,43.3125052,3525005_2,3525005
-79.81545559999999,43.312459000000004,3525005_2,3525005
-79.8161226,43.312402899999995,3525005_2,3525005
-79.81629819999999,43.312251599999996,3525005_2,3525005
-79.8165815,43.3122636,3525005_2,3525005
-79.8167187,43.31218390000001,3525005_2,3525005
-79.8169322,43.31198810000001,3525005_2,3525005
-79.81730530000002,43.31182080000001,3525005_2,3525005
-79.81745520000001,43.3117233,3525005_2,3525005
-79.81771560000001,43.311645,3525005_2,3525005
-79.81784929999999,43.31162689999999,3525005_2,3525005
-79.8179629,43.3116115,3525005_2,3525005
-79.8180563,43.3115695,3525005_2,3525005
-79.81806859999999,43.311563899999996,3525005_2,3525005
-79.8180907,43.311520099999996,3525005_2,3525005
-79.8181037,43.3114944,3525005_2,3525005
-79.81820259999999,43.311464,3525005_2,3525005
-79.81825719999999,43.311475699999995,3525005_2,3525005
-79.8182731,43.3114718,3525005_2,3525005
-79.8183734,43.3114267,3525005_2,3525005
-79.8188692,43.31129670000001,3525005_2,3525005
-79.81910409999999,43.3112631,3525005_2,3525005
-79.8194511,43.311176599999996,3525005_2,3525005
-79.8201911,43.3111663,3525005_2,3525005
-79.8202415,43.3111128,3525005_2,3525005
-79.8215695,43.3106672,3525005_2,3525005
-79.8222582,43.3101251,3525005_2,3525005
-79.8224073,43.31006360000001,3525005_2,3525005
-79.8225308,43.310055799999994,3525005_2,3525005
-79.823932,43.309647,3525005_2,3525005
-79.82421699999999,43.309577899999994,3525005_2,3525005
-79.8248129,43.309367900000005,3525005_2,3525005
-79.8249632,43.30924339999999,3525005_2,3525005
-79.82504899999999,43.3092713,3525005_2,3525005
-79.8251214,43.3093531,3525005_2,3525005
-79.82518329999999,43.30934469999999,3525005_2,3525005
-79.825259,43.3092555,3525005_2,3525005
-79.8253241,43.309076,3525005_2,3525005
-79.8254374,43.308951199999996,3525005_2,3525005
-79.82646129999999,43.3082863,3525005_2,3525005
-79.8266476,43.3082162,3525005_2,3525005
-79.8268978,43.3080297,3525005_2,3525005
-79.8270595,43.30795929999999,3525005_2,3525005
-79.8272083,43.307915799999996,3525005_2,3525005
-79.82754109999999,43.3079192,3525005_2,3525005
-79.82752479999999,43.3081261,3525005_2,3525005
-79.8275594,43.3082526,3525005_2,3525005
-79.8276195,43.3083342,3525005_2,3525005
-79.82768039999999,43.30837090000001,3525005_2,3525005
-79.8277787,43.30838989999999,3525005_2,3525005
-79.8279515,43.308382699999996,3525005_2,3525005
-79.8281104,43.308336700000005,3525005_2,3525005
-79.82816220000001,43.3083218,3525005_2,3525005
-79.8283117,43.3082423,3525005_2,3525005
-79.8283577,43.308071299999995,3525005_2,3525005
-79.8283648,43.30804469999999,3525005_2,3525005
-79.82829629999999,43.307764899999995,3525005_2,3525005
-79.82829009999999,43.30744060000001,3525005_2,3525005
-79.828329,43.307342,3525005_2,3525005
-79.8287412,43.3070671,3525005_2,3525005
-79.82933419999999,43.3070101,3525005_2,3525005
-79.8294078,43.3070289,3525005_2,3525005
-79.8294188,43.3070394,3525005_2,3525005
-79.8295894,43.3072018,3525005_2,3525005
-79.82970019999999,43.307212,3525005_2,3525005
-79.829984,43.30722129999999,3525005_2,3525005
-79.8301176,43.307225800000005,3525005_2,3525005
-79.830224,43.307229299999996,3525005_2,3525005
-79.83046399999999,43.3072372,3525005_2,3525005
-79.8304888,43.307238,3525005_2,3525005
-79.8310429,43.307279699999995,3525005_2,3525005
-79.831676,43.307253800000005,3525005_2,3525005
-79.8317462,43.3072509,3525005_2,3525005
-79.83189399999999,43.3072614,3525005_2,3525005
-79.83185759999999,43.3071907,3525005_2,3525005
-79.8318714,43.30715310000001,3525005_2,3525005
-79.83245699999999,43.3068349,3525005_2,3525005
-79.8325548,43.306881000000004,3525005_2,3525005
-79.8328281,43.3067381,3525005_2,3525005
-79.8330235,43.306636,3525005_2,3525005
-79.83302809999999,43.3066336,3525005_2,3525005
-79.8329924,43.3065613,3525005_2,3525005
-79.8333405,43.3064117,3525005_2,3525005
-79.8334277,43.30636760000001,3525005_2,3525005
-79.8336171,43.306135399999995,3525005_2,3525005
-79.83370459999999,43.3060733,3525005_2,3525005
-79.83379099999999,43.3060652,3525005_2,3525005
-79.8339118,43.30620149999999,3525005_2,3525005
-79.8339484,43.3062198,3525005_2,3525005
-79.8340225,43.3062116,3525005_2,3525005
-79.83424579999999,43.3061418,3525005_2,3525005
-79.83423619999999,43.3059977,3525005_2,3525005
-79.8344467,43.3059548,3525005_2,3525005
-79.8347016,43.306164499999994,3525005_2,3525005
-79.83481069999999,43.3062976,3525005_2,3525005
-79.83493419999999,43.30644829999999,3525005_2,3525005
-79.8349546,43.306473200000006,3525005_2,3525005
-79.83500289999999,43.3065277,3525005_2,3525005
-79.83501729999999,43.3064198,3525005_2,3525005
-79.83511779999999,43.3063218,3525005_2,3525005
-79.8351196,43.3062258,3525005_2,3525005
-79.8351216,43.3061237,3525005_2,3525005
-79.8351489,43.306081999999996,3525005_2,3525005
-79.835167,43.306054399999994,3525005_2,3525005
-79.8351978,43.3060075,3525005_2,3525005
-79.8352733,43.3059347,3525005_2,3525005
-79.8353736,43.3058382,3525005_2,3525005
-79.8355749,43.305763,3525005_2,3525005
-79.8356999,43.3057309,3525005_2,3525005
-79.8358097,43.305703799999996,3525005_2,3525005
-79.83600589999999,43.30565549999999,3525005_2,3525005
-79.8361316,43.3055307,3525005_2,3525005
-79.836268,43.30548710000001,3525005_2,3525005
-79.8363533,43.305541999999996,3525005_2,3525005
-79.83648409999999,43.3057954,3525005_2,3525005
-79.8365452,43.305823100000005,3525005_2,3525005
-79.8366319,43.30580599999999,3525005_2,3525005
-79.8366449,43.3057701,3525005_2,3525005
-79.8366221,43.3056708,3525005_2,3525005
-79.8366381,43.305481799999995,3525005_2,3525005
-79.83676150000001,43.3054741,3525005_2,3525005
-79.836812,43.3054116,3525005_2,3525005
-79.83680170000001,43.30530340000001,3525005_2,3525005
-79.8368531,43.30519590000001,3525005_2,3525005
-79.8370906,43.305027200000005,3525005_2,3525005
-79.8373635,43.3049399,3525005_2,3525005
-79.8375116,43.3049324,3525005_2,3525005
-79.8376222,43.304951599999995,3525005_2,3525005
-79.837651,43.3049718,3525005_2,3525005
-79.83780469999999,43.30507949999999,3525005_2,3525005
-79.8381112,43.3051727,3525005_2,3525005
-79.83810079999999,43.30507449999999,3525005_2,3525005
-79.8379283,43.3050627,3525005_2,3525005
-79.83787989999999,43.30501719999999,3525005_2,3525005
-79.8383064,43.304988099999996,3525005_2,3525005
-79.8386823,43.3049624,3525005_2,3525005
-79.83872,43.30492669999999,3525005_2,3525005
-79.8386409,43.3045477,3525005_2,3525005
-79.8387284,43.3044856,3525005_2,3525005
-79.8392956,43.3044823,3525005_2,3525005
-79.8392963,43.304446299999995,3525005_2,3525005
-79.8396186,43.3043595,3525005_2,3525005
-79.83924069999999,43.3042905,3525005_2,3525005
-79.8389919,43.3042451,3525005_2,3525005
-79.8391429,43.30408459999999,3525005_2,3525005
-79.8392703,43.3038698,3525005_2,3525005
-79.8396801,43.30369959999999,3525005_2,3525005
-79.83984199999999,43.3036324,3525005_2,3525005
-79.83989059999999,43.3036223,3525005_2,3525005
-79.84008949999999,43.3035809,3525005_2,3525005
-79.8401161,43.30356629999999,3525005_2,3525005
-79.84031379999999,43.30345709999999,3525005_2,3525005
-79.8407098,43.3033801,3525005_2,3525005
-79.8410074,43.303293100000005,3525005_2,3525005
-79.84159020000001,43.3031189,3525005_2,3525005
-79.84214949999999,43.30288149999999,3525005_2,3525005
-79.8423598,43.3028476,3525005_2,3525005
-79.8432022,43.302631,3525005_2,3525005
-79.84350049999999,43.30250789999999,3525005_2,3525005
-79.8435453,43.3024819,3525005_2,3525005
-79.84373219999999,43.3023733,3525005_2,3525005
-79.8437747,43.302348599999995,3525005_2,3525005
-79.8439066,43.3022549,3525005_2,3525005
-79.84497449999999,43.3014963,3525005_2,3525005
-79.84523639999999,43.301336899999995,3525005_2,3525005
-79.8453242,43.301256699999996,3525005_2,3525005
-79.84532639999999,43.3011397,3525005_2,3525005
-79.84527829999999,43.3010762,3525005_2,3525005
-79.84526749999999,43.30099499999999,3525005_2,3525005
-79.84526869999999,43.300931999999996,3525005_2,3525005
-79.8445596,43.300459499999995,3525005_2,3525005
-79.8444043,43.300356,3525005_2,3525005
-79.8447039,43.300112799999994,3525005_2,3525005
-79.8448425,43.3000002,3525005_2,3525005
-79.8450119,43.3001138,3525005_2,3525005
-79.8451834,43.3002288,3525005_2,3525005
-79.8451963,43.30022249999999,3525005_2,3525005
-79.8453825,43.300131699999994,3525005_2,3525005
-79.8453902,43.300124100000005,3525005_2,3525005
-79.8454453,43.3000693,3525005_2,3525005
-79.8455446,43.3000343,3525005_2,3525005
-79.8456556,43.3000355,3525005_2,3525005
-79.8458023,43.3001,3525005_2,3525005
-79.8459721,43.3002458,3525005_2,3525005
-79.84610599999999,43.30033710000001,3525005_2,3525005
-79.8461413,43.300427600000006,3525005_2,3525005
-79.846311,43.300582299999995,3525005_2,3525005
-79.8464717,43.3005569,3525005_2,3525005
-79.8473544,43.3001696,3525005_2,3525005
-79.8478303,43.3004266,3525005_2,3525005
-79.8475799,43.3006311,3525005_2,3525005
-79.847714,43.3007135,3525005_2,3525005
-79.84797669999999,43.3005091,3525005_2,3525005
-79.8484162,43.300738599999995,3525005_2,3525005
-79.8484541,43.30069399999999,3525005_2,3525005
-79.8485171,43.3006226,3525005_2,3525005
-79.84834579999999,43.3005488,3525005_2,3525005
-79.8483231,43.3004495,3525005_2,3525005
-79.8484232,43.300369499999995,3525005_2,3525005
-79.8483621,43.30034190000001,3525005_2,3525005
-79.84828859999999,43.30031410000001,3525005_2,3525005
-79.8482006,43.3004033,3525005_2,3525005
-79.8480526,43.3004108,3525005_2,3525005
-79.84774759999999,43.300236600000005,3525005_2,3525005
-79.8477978,43.3001921,3525005_2,3525005
-79.8477125,43.300137199999995,3525005_2,3525005
-79.84767470000001,43.3001819,3525005_2,3525005
-79.8475772,43.3001179,3525005_2,3525005
-79.84757809999999,43.30007279999999,3525005_2,3525005
-79.8476281,43.3000373,3525005_2,3525005
-79.8486119,43.299516000000004,3525005_2,3525005
-79.850751,43.298528999999995,3525005_2,3525005
-79.8506438,43.2983298,3525005_2,3525005
-79.8506931,43.298330299999996,3525005_2,3525005
-79.8509002,43.298575899999996,3525005_2,3525005
-79.8511755,43.298902399999996,3525005_2,3525005
-79.8510009,43.299008699999995,3525005_2,3525005
-79.851049,43.2990722,3525005_2,3525005
-79.8512471,43.29902919999999,3525005_2,3525005
-79.8513078,43.29907490000001,3525005_2,3525005
-79.8514814,43.2990226,3525005_2,3525005
-79.85113009999999,43.2985743,3525005_2,3525005
-79.8510119,43.29842359999999,3525005_2,3525005
-79.8518579,43.2980178,3525005_2,3525005
-79.85194419999999,43.29801870000001,3525005_2,3525005
-79.8537103,43.29718999999999,3525005_2,3525005
-79.8544313,43.2968731,3525005_2,3525005
-79.8545451,43.29672109999999,3525005_2,3525005
-79.8546442,43.2966951,3525005_2,3525005
-79.85475029999999,43.29663120000001,3525005_2,3525005
-79.85493559999999,43.296519499999995,3525005_2,3525005
-79.8550557,43.2964471,3525005_2,3525005
-79.85511439999999,43.2964041,3525005_2,3525005
-79.8558682,43.2958519,3525005_2,3525005
-79.8559057,43.2958253,3525005_2,3525005
-79.85596699999999,43.2958439,3525005_2,3525005
-79.85605420000002,43.2957908,3525005_2,3525005
-79.8560301,43.2957635,3525005_2,3525005
-79.85630499999999,43.295568200000005,3525005_2,3525005
-79.8563798,43.2955239,3525005_2,3525005
-79.8565417,43.2954354,3525005_2,3525005
-79.85661720000002,43.295355199999996,3525005_2,3525005
-79.8567904,43.2953209,3525005_2,3525005
-79.8569528,43.2952054,3525005_2,3525005
-79.8571037,43.2950449,3525005_2,3525005
-79.8572186,43.294838899999995,3525005_2,3525005
-79.8572934,43.29479459999999,3525005_2,3525005
-79.8574661,43.294787299999996,3525005_2,3525005
-79.8575903,43.294734600000005,3525005_2,3525005
-79.8578919,43.2944314,3525005_2,3525005
-79.85800569999999,43.2942795,3525005_2,3525005
-79.8582192,43.293995699999996,3525005_2,3525005
-79.85832169999999,43.293859399999995,3525005_2,3525005
-79.85857159999999,43.2936818,3525005_2,3525005
-79.85961089999999,43.293063599999996,3525005_2,3525005
-79.8597983,43.292952099999994,3525005_2,3525005
-79.8599955,43.29283480000001,3525005_2,3525005
-79.86117689999999,43.292131999999995,3525005_2,3525005
-79.8615141,43.2919012,3525005_2,3525005
-79.8623726,43.29147759999999,3525005_2,3525005
-79.8624593,43.29145140000001,3525005_2,3525005
-79.8626948,43.291381699999995,3525005_2,3525005
-79.8630807,43.2911785,3525005_2,3525005
-79.8643075,43.290173200000005,3525005_2,3525005
-79.8650227,43.2894959,3525005_2,3525005
-79.8653382,43.2891028,3525005_2,3525005
-79.8654784,43.28885210000001,3525005_2,3525005
-79.8655915,43.288736199999995,3525005_2,3525005
-79.8665657,43.288052500000006,3525005_2,3525005
-79.8666731,43.2880207,3525005_2,3525005
-79.8668012,43.2879828,3525005_2,3525005
-79.8668982,43.287967099999996,3525005_2,3525005
-79.8670113,43.2879488,3525005_2,3525005
-79.8671333,43.287949999999995,3525005_2,3525005
-79.8671962,43.28795069999999,3525005_2,3525005
-79.86753279999999,43.287746899999995,3525005_2,3525005
-79.86784759999999,43.2873898,3525005_2,3525005
-79.867925,43.287201499999995,3525005_2,3525005
-79.8680093,43.2866441,3525005_2,3525005
-79.8680978,43.286527899999996,3525005_2,3525005
-79.8682469,43.286411699999995,3525005_2,3525005
-79.8683604,43.2863234,3525005_2,3525005
-79.8684845,43.28627959999999,3525005_2,3525005
-79.8685947,43.2863167,3525005_2,3525005
-79.869301,43.286782900000006,3525005_2,3525005
-79.8700949,43.287177899999996,3525005_2,3525005
-79.8705966,43.287372,3525005_2,3525005
-79.8710141,43.2874572,3525005_2,3525005
-79.8717656,43.28748259999999,3525005_2,3525005
-79.8721238,43.2874411,3525005_2,3525005
-79.8728546,43.28725019999999,3525005_2,3525005
-79.8743048,43.286814199999995,3525005_2,3525005
-79.8750467,43.2862807,3525005_2,3525005
-79.8752178,43.2861576,3525005_2,3525005
-79.8772896,43.2879675,3525005_2,3525005
-79.8774675,43.287953300000005,3525005_2,3525005
-79.8776199,43.28795040000001,3525005_2,3525005
-79.87777539999999,43.2879476,3525005_2,3525005
-79.8779462,43.287945,3525005_2,3525005
-79.8781977,43.2879478,3525005_2,3525005
-79.8788168,43.2879526,3525005_2,3525005
-79.8809686,43.2879693,3525005_2,3525005
-79.88111669999999,43.28797120000001,3525005_2,3525005
-79.8813014,43.287985899999995,3525005_2,3525005
-79.88139579999999,43.2879978,3525005_2,3525005
-79.8815147,43.28801039999999,3525005_2,3525005
-79.8816813,43.288033399999996,3525005_2,3525005
-79.8829708,43.288230299999995,3525005_2,3525005
-79.883302,43.28827640000001,3525005_2,3525005
-79.8835534,43.2883111,3525005_2,3525005
-79.8837226,43.288325199999996,3525005_2,3525005
-79.88382899999999,43.28832839999999,3525005_2,3525005
-79.88390079999999,43.288326,3525005_2,3525005
-79.88400899999999,43.288311300000004,3525005_2,3525005
-79.88410379999999,43.2882874,3525005_2,3525005
-79.8841711,43.2882666,3525005_2,3525005
-79.8841984,43.28825739999999,3525005_2,3525005
-79.8843009,43.28821000000001,3525005_2,3525005
-79.8844124,43.28815799999999,3525005_2,3525005
-79.8846073,43.28806350000001,3525005_2,3525005
-79.8846795,43.288030299999996,3525005_2,3525005
-79.88475389999999,43.2880017,3525005_2,3525005
-79.8847964,43.287986,3525005_2,3525005
-79.8848316,43.28797240000001,3525005_2,3525005
-79.8849125,43.287946999999996,3525005_2,3525005
-79.8849837,43.2879293,3525005_2,3525005
-79.8849972,43.287926,3525005_2,3525005
-79.885081,43.287909500000005,3525005_2,3525005
-79.8851663,43.287893,3525005_2,3525005
-79.8852508,43.2878811,3525005_2,3525005
-79.8853336,43.28787369999999,3525005_2,3525005
-79.8854181,43.2878663,3525005_2,3525005
-79.88550699999999,43.28786339999999,3525005_2,3525005
-79.88560319999999,43.2878646,3525005_2,3525005
-79.8857065,43.28786559999999,3525005_2,3525005
-79.8858089,43.287871,3525005_2,3525005
-79.8858169,43.2878715,3525005_2,3525005
-79.8859116,43.28786410000001,3525005_2,3525005
-79.885959,43.2878603,3525005_2,3525005
-79.88607069999999,43.2878778,3525005_2,3525005
-79.8861787,43.2879162,3525005_2,3525005
-79.88619659999999,43.2879319,3525005_2,3525005
-79.88623059999999,43.28796189999999,3525005_2,3525005
-79.8862511,43.28798,3525005_2,3525005
-79.8862485,43.288014,3525005_2,3525005
-79.8862455,43.288053,3525005_2,3525005
-79.88624279999999,43.288087399999995,3525005_2,3525005
-79.88624229999999,43.28811700000001,3525005_2,3525005
-79.88624109999999,43.2881809,3525005_2,3525005
-79.88621119999999,43.288267399999995,3525005_2,3525005
-79.88619039999999,43.288327599999995,3525005_2,3525005
-79.8860208,43.2888588,3525005_2,3525005
-79.885983,43.2890504,3525005_2,3525005
-79.8859683,43.2891245,3525005_2,3525005
-79.88594859999999,43.289224299999994,3525005_2,3525005
-79.8866403,43.28931379999999,3525005_2,3525005
-79.8869381,43.2893634,3525005_2,3525005
-79.8871633,43.289389299999996,3525005_2,3525005
-79.88722899999999,43.2894037,3525005_2,3525005
-79.88744369999999,43.2894508,3525005_2,3525005
-79.887439,43.2894619,3525005_2,3525005
-79.88735539999999,43.2896613,3525005_2,3525005
-79.8873517,43.289868399999996,3525005_2,3525005
-79.8873863,43.289994799999995,3525005_2,3525005
-79.88737929999999,43.2903819,3525005_2,3525005
-79.88732739999999,43.29052550000001,3525005_2,3525005
-79.88725260000001,43.2905698,3525005_2,3525005
-79.88704109999999,43.290675799999995,3525005_2,3525005
-79.886977,43.29081019999999,3525005_2,3525005
-79.8869474,43.291080099999995,3525005_2,3525005
-79.8869581,43.2911313,3525005_2,3525005
-79.88697010000001,43.291188299999995,3525005_2,3525005
-79.8869314,43.291302599999995,3525005_2,3525005
-79.8870896,43.29134630000001,3525005_2,3525005
-79.8873766,43.2913151,3525005_2,3525005
-79.8876109,43.291289600000006,3525005_2,3525005
-79.88790589999999,43.29123009999999,3525005_2,3525005
-79.88810099999999,43.291223699999996,3525005_2,3525005
-79.8883317,43.2913132,3525005_2,3525005
-79.8885902,43.2914336,3525005_2,3525005
-79.88897519999999,43.291817099999996,3525005_2,3525005
-79.889515,43.2921372,3525005_2,3525005
-79.8897156,43.2922612,3525005_2,3525005
-79.8902319,43.292378,3525005_2,3525005
-79.8902859,43.29238540000001,3525005_2,3525005
-79.89037669999999,43.292431099999995,3525005_2,3525005
-79.8916525,43.2932832,3525005_2,3525005
-79.8923537,43.2938184,3525005_2,3525005
-79.8925512,43.294078899999995,3525005_2,3525005
-79.8931568,43.2946641,3525005_2,3525005
-79.8960791,43.2966793,3525005_2,3525005
-79.8977448,43.297976899999995,3525005_2,3525005
-79.8988559,43.2987883,3525005_2,3525005
-79.9007081,43.300125599999994,3525005_2,3525005
-79.9017345,43.3008438,3525005_2,3525005
-79.90338950000002,43.302008699999995,3525005_2,3525005
-79.90383949999999,43.3023146,3525005_2,3525005
-79.9040273,43.30244220000001,3525005_2,3525005
-79.9058475,43.3036795,3525005_2,3525005
-79.90592199999999,43.303730099999996,3525005_2,3525005
-79.9064381,43.3040953,3525005_2,3525005
-79.9079883,43.3051993,3525005_2,3525005
-79.9081649,43.3053173,3525005_2,3525005
-79.9102855,43.3068535,3525005_2,3525005
-79.9114738,43.3077084,3525005_2,3525005
-79.9116106,43.307806799999994,3525005_2,3525005
-79.91248790000002,43.308438,3525005_2,3525005
-79.9125297,43.308468700000006,3525005_2,3525005
-79.9120938,43.30891080000001,3525005_2,3525005
-79.91206869999999,43.308918399999996,3525005_2,3525005
-79.9119633,43.3089752,3525005_2,3525005
-79.90900169999999,43.3111075,3525005_2,3525005
-79.9089115,43.3112516,3525005_2,3525005
-79.9012498,43.3168488,3525005_2,3525005
-79.90117409999999,43.316904400000006,3525005_2,3525005
-79.9010962,43.31696149999999,3525005_2,3525005
-79.900173,43.3176251,3525005_2,3525005
-79.89718839999999,43.319785800000005,3525005_2,3525005
-79.8966075,43.320206299999995,3525005_2,3525005
-79.8956824,43.320876,3525005_2,3525005
-79.8941248,43.32200350000001,3525005_2,3525005
-79.89288669999999,43.3228996,3525005_2,3525005
-79.89280389999999,43.322961,3525005_2,3525005
-79.8914845,43.323944,3525005_2,3525005
-79.8903563,43.324790799999995,3525005_2,3525005
-79.88938759999999,43.325341300000005,3525005_2,3525005
-79.8883027,43.32611489999999,3525005_2,3525005
-79.88524749999999,43.328447,3525005_2,3525005
-79.88524679999999,43.328574599999996,3525005_2,3525005
-79.8844975,43.329118799999996,3525005_2,3525005
-79.8844026,43.329152699999995,3525005_2,3525005
-79.88434269999999,43.329174099999996,3525005_2,3525005
-79.8843225,43.32916290000001,3525005_2,3525005
-79.88403029999999,43.3290011,3525005_2,3525005
-79.88361809999999,43.3287695,3525005_2,3525005
-79.8832564,43.328544199999996,3525005_2,3525005
-79.8824977,43.328016,3525005_2,3525005
-79.880815,43.328306,3525005_2,3525005
-79.8801877,43.3283608,3525005_2,3525005
-79.8792019,43.328532,3525005_2,3525005
-79.87649979999999,43.3288903,3525005_2,3525005
-79.8758905,43.3290297,3525005_2,3525005
-79.87538599999999,43.32932119999999,3525005_2,3525005
-79.8750185,43.329635499999995,3525005_2,3525005
-79.8746408,43.33006539999999,3525005_2,3525005
-79.8736445,43.3309463,3525005_2,3525005
-79.8730744,43.331422499999995,3525005_2,3525005
-79.87222799999999,43.3320173,3525005_2,3525005
-79.8711856,43.332921000000006,3525005_2,3525005
-79.8701373,43.333736099999996,3525005_2,3525005
-79.86973309999999,43.3341577,3525005_2,3525005
-79.86895919999999,43.334917600000004,3525005_2,3525005
-79.8683092,43.335555600000006,3525005_2,3525005
-79.867542,43.3362718,3525005_2,3525005
-79.86673669999999,43.3370345,3525005_2,3525005
-79.86610929999999,43.33751149999999,3525005_2,3525005
-79.86562599999999,43.337937,3525005_2,3525005
-79.86491219999999,43.3384456,3525005_2,3525005
-79.864513,43.33881029999999,3525005_2,3525005
-79.8644587,43.3388677,3525005_2,3525005
-79.86403829999999,43.339311699999996,3525005_2,3525005
-79.8633127,43.3403357,3525005_2,3525005
-79.8629567,43.340773000000006,3525005_2,3525005
-79.862303,43.3413581,3525005_2,3525005
-79.86183009999999,43.341899299999994,3525005_2,3525005
-79.8616193,43.342363899999995,3525005_2,3525005
-79.8614138,43.342956699999995,3525005_2,3525005
-79.8610958,43.343511,3525005_2,3525005
-79.8606468,43.34450169999999,3525005_2,3525005
-79.8601147,43.3454837,3525005_2,3525005
-79.8600139,43.3458024,3525005_2,3525005
-79.859999,43.34584979999999,3525005_2,3525005
-79.859967,43.3459444,3525005_2,3525005
-79.85995109999999,43.346933500000006,3525005_2,3525005
-79.8602599,43.34734580000001,3525005_2,3525005
-79.860284,43.34734089999999,3525005_2,3525005
-79.8603511,43.3473274,3525005_2,3525005
-79.8604537,43.3473506,3525005_2,3525005
-79.86057389999999,43.3474048,3525005_2,3525005
-81.1680097,43.052931199999996,3539036_3,3539036
-81.1680142,43.0529393,3539036_3,3539036
-81.17172959999999,43.054447100000004,3539036_3,3539036
-81.1720667,43.054842,3539036_3,3539036
-81.1825896,43.0633433,3539036_3,3539036
-81.1853138,43.0655435,3539036_3,3539036
-81.1896612,43.06979990000001,3539036_3,3539036
-81.191834,43.07180959999999,3539036_3,3539036
-81.1927949,43.0729354,3539036_3,3539036
-81.1929143,43.0730739,3539036_3,3539036
-81.1930494,43.0732446,3539036_3,3539036
-81.19620309999999,43.0722939,3539036_3,3539036
-81.20429779999999,43.069959999999995,3539036_3,3539036
-81.2059063,43.069487,3539036_3,3539036
-81.2079423,43.0688944,3539036_3,3539036
-81.2081795,43.0688263,3539036_3,3539036
-81.2185484,43.065849400000005,3539036_3,3539036
-81.2360996,43.0608069,3539036_3,3539036
-81.2401628,43.0595043,3539036_3,3539036
-81.2447626,43.0581738,3539036_3,3539036
-81.2642513,43.0525334,3539036_3,3539036
-81.2744704,43.049644,3539036_3,3539036
-81.2797851,43.04809540000001,3539036_3,3539036
-81.2856066,43.046392,3539036_3,3539036
-81.29063819999999,43.0447817,3539036_3,3539036
-81.2918686,43.04439629999999,3539036_3,3539036
-81.29796999999999,43.042819699999995,3539036_3,3539036
-81.2980607,43.0427937,3539036_3,3539036
-81.29813159999999,43.0427734,3539036_3,3539036
-81.2983737,43.042702399999996,3539036_3,3539036
-81.319789599999993,43.0362431,3539036_3,3539036
-81.32140629999999,43.0357749,3539036_3,3539036
-81.3478884,43.028099399999995,3539036_3,3539036
-81.3529028,43.02661299999999,3539036_3,3539036
-81.3662921,43.0226422,3539036_3,3539036
-81.368798,43.0218987,3539036_3,3539036
-81.36531649999999,43.0159336,3539036_3,3539036
-81.3593205,43.004306,3539036_3,3539036
-81.3573445,43.000065400000004,3539036_3,3539036
-81.35451239999999,42.993986699999994,3539036_3,3539036
-81.35382249999999,42.992505800000004,3539036_3,3539036
-81.3528777,42.9905358,3539036_3,3539036
-81.3528171,42.9904094,3539036_3,3539036
-81.3527837,42.99032689999999,3539036_3,3539036
-81.3526712,42.9901312,3539036_3,3539036
-81.3504042,42.9862435,3539036_3,3539036
-81.3503563,42.98615179999999,3539036_3,3539036
-81.3501342,42.985768900000004,3539036_3,3539036
-81.3510855,42.9863109,3539036_3,3539036
-81.35201289999999,42.9865406,3539036_3,3539036
-81.352777,42.9865432,3539036_3,3539036
-81.3528723,42.9865348,3539036_3,3539036
-81.3529736,42.98654380000001,3539036_3,3539036
-81.35317500000001,42.98656169999999,3539036_3,3539036
-81.3533312,42.9865456,3539036_3,3539036
-81.3533332,42.986545299999996,3539036_3,3539036
-81.3534447,42.9865338,3539036_3,3539036
-81.3535172,42.986495899999994,3539036_3,3539036
-81.3535477,42.98648000000001,3539036_3,3539036
-81.35365259999999,42.98642509999999,3539036_3,3539036
-81.3540077,42.9863069,3539036_3,3539036
-81.35500019999999,42.98613280000001,3539036_3,3539036
-81.3555635,42.985977999999996,3539036_3,3539036
-81.35602860000002,42.9858054,3539036_3,3539036
-81.3569708,42.9854062,3539036_3,3539036
-81.3586462,42.9845545,3539036_3,3539036
-81.35885379999999,42.9843918,3539036_3,3539036
-81.3594159,42.984020799999996,3539036_3,3539036
-81.3600384,42.9835056,3539036_3,3539036
-81.3602705,42.9833427,3539036_3,3539036
-81.3606854,42.982972200000006,3539036_3,3539036
-81.36088099999999,42.9828635,3539036_3,3539036
-81.36116249999999,42.9827636,3539036_3,3539036
-81.3618975,42.98261720000001,3539036_3,3539036
-81.3626211,42.982605899999996,3539036_3,3539036
-81.36271990000002,42.9825948,3539036_3,3539036
-81.3629521,42.982568799999996,3539036_3,3539036
-81.3631655,42.982497,3539036_3,3539036
-81.3638701,42.98225970000001,3539036_3,3539036
-81.36428599999999,42.9820693,3539036_3,3539036
-81.3649461,42.981688999999996,3539036_3,3539036
-81.3654471,42.9813722,3539036_3,3539036
-81.3657642,42.98107399999999,3539036_3,3539036
-81.3665097,42.98062139999999,3539036_3,3539036
-81.3669743,42.980376799999995,3539036_3,3539036
-81.36771949999999,42.9798791,3539036_3,3539036
-81.3684646,42.979372399999995,3539036_3,3539036
-81.3696849,42.9783509,3539036_3,3539036
-81.37011199999999,42.9779893,3539036_3,3539036
-81.3702704,42.97781769999999,3539036_3,3539036
-81.3706109,42.977339300000004,3539036_3,3539036
-81.370719,42.97714159999999,3539036_3,3539036
-81.37080089999999,42.976936099999996,3539036_3,3539036
-81.3710244,42.9772005,3539036_3,3539036
-81.3715252,42.975971099999995,3539036_3,3539036
-81.3725901,42.9749465,3539036_3,3539036
-81.373967,42.9736883,3539036_3,3539036
-81.37685549999999,42.971147699999996,3539036_3,3539036
-81.3803267,42.9697678,3539036_3,3539036
-81.3811765,42.9696045,3539036_3,3539036
-81.3822557,42.9693415,3539036_3,3539036
-81.3831637,42.9688618,3539036_3,3539036
-81.3833736,42.96867009999999,3539036_3,3539036
-81.38409639999999,42.96817420000001,3539036_3,3539036
-81.38510079999999,42.9669248,3539036_3,3539036
-81.387176,42.965683899999995,3539036_3,3539036
-81.38965329999999,42.9647909,3539036_3,3539036
-81.3901261,42.9637901,3539036_3,3539036
-81.3901392,42.9637624,3539036_3,3539036
-81.39061199999999,42.96276160000001,3539036_3,3539036
-81.389501,42.960887199999995,3539036_3,3539036
-81.38833629999999,42.9590877,3539036_3,3539036
-81.3879065,42.957636099999995,3539036_3,3539036
-81.3880435,42.95572389999999,3539036_3,3539036
-81.3888137,42.9548535,3539036_3,3539036
-81.3897119,42.95413529999999,3539036_3,3539036
-81.3908828,42.953405,3539036_3,3539036
-81.3905022,42.953199100000006,3539036_3,3539036
-81.3903912,42.9531377,3539036_3,3539036
-81.3857766,42.9505353,3539036_3,3539036
-81.3839237,42.94612980000001,3539036_3,3539036
-81.38256419999999,42.942896999999995,3539036_3,3539036
-81.38146549999999,42.9410203,3539036_3,3539036
-81.3796401,42.93790200000001,3539036_3,3539036
-81.3796024,42.937909899999994,3539036_3,3539036
-81.3780822,42.934434399999994,3539036_3,3539036
-81.3780582,42.9343915,3539036_3,3539036
-81.3780895,42.934398099999996,3539036_3,3539036
-81.37787039999999,42.9338921,3539036_3,3539036
-81.377757,42.933630199999996,3539036_3,3539036
-81.3772797,42.93268210000001,3539036_3,3539036
-81.3772716,42.932664599999995,3539036_3,3539036
-81.37526969999999,42.92835549999999,3539036_3,3539036
-81.375148,42.928093399999995,3539036_3,3539036
-81.3748172,42.9273934,3539036_3,3539036
-81.3747329,42.927215000000004,3539036_3,3539036
-81.3744868,42.9267665,3539036_3,3539036
-81.3743897,42.9265894,3539036_3,3539036
-81.37394139999999,42.9257236,3539036_3,3539036
-81.3739118,42.925666400000004,3539036_3,3539036
-81.37359610000001,42.9250954,3539036_3,3539036
-81.37354189999999,42.9249973,3539036_3,3539036
-81.37214019999999,42.9223074,3539036_3,3539036
-81.3712156,42.9225455,3539036_3,3539036
-81.3711568,42.9225606,3539036_3,3539036
-81.3634718,42.9245747,3539036_3,3539036
-81.36070219999999,42.92525010000001,3539036_3,3539036
-81.360395,42.924597,3539036_3,3539036
-81.3624999,42.923953,3539036_3,3539036
-81.3612649,42.921335899999995,3539036_3,3539036
-81.3605372,42.919770199999995,3539036_3,3539036
-81.35993429999999,42.9184731,3539036_3,3539036
-81.3580735,42.91470899999999,3539036_3,3539036
-81.3540716,42.9150284,3539036_3,3539036
-81.3497957,42.9153697,3539036_3,3539036
-81.3486799,42.915458799999996,3539036_3,3539036
-81.34621659999999,42.9095177,3539036_3,3539036
-81.35006709999999,42.9085537,3539036_3,3539036
-81.3490771,42.9065338,3539036_3,3539036
-81.3457258,42.89918039999999,3539036_3,3539036
-81.34537569999999,42.898410299999995,3539036_3,3539036
-81.34396319999999,42.895266799999995,3539036_3,3539036
-81.34376759999999,42.8948223,3539036_3,3539036
-81.3437244,42.8947241,3539036_3,3539036
-81.34270649999999,42.8920311,3539036_3,3539036
-81.34254539999999,42.8917149,3539036_3,3539036
-81.3424426,42.891498899999995,3539036_3,3539036
-81.3393064,42.8849091,3539036_3,3539036
-81.33925529999999,42.8846231,3539036_3,3539036
-81.33911479999999,42.884340099999996,3539036_3,3539036
-81.3390174,42.8841438,3539036_3,3539036
-81.3365637,42.8788537,3539036_3,3539036
-81.33349419999999,42.879630999999996,3539036_3,3539036
-81.33155099999999,42.876251499999995,3539036_3,3539036
-81.3253568,42.8777438,3539036_3,3539036
-81.3250187,42.8770145,3539036_3,3539036
-81.31317589999999,42.879922799999996,3539036_3,3539036
-81.3131744,42.8799194,3539036_3,3539036
-81.3127787,42.8790218,3539036_3,3539036
-81.309292,42.879497,3539036_3,3539036
-81.3091042,42.879542699999995,3539036_3,3539036
-81.3010635,42.88149560000001,3539036_3,3539036
-81.29974519999999,42.87809149999999,3539036_3,3539036
-81.3070544,42.87640379999999,3539036_3,3539036
-81.3055431,42.873138399999995,3539036_3,3539036
-81.2979877,42.8747461,3539036_3,3539036
-81.2977902,42.874279699999995,3539036_3,3539036
-81.2964251,42.8710557,3539036_3,3539036
-81.2934255,42.86412549999999,3539036_3,3539036
-81.2933927,42.864049699999995,3539036_3,3539036
-81.2917483,42.8603884,3539036_3,3539036
-81.29165809999999,42.860169199999994,3539036_3,3539036
-81.28879180000001,42.8532058,3539036_3,3539036
-81.2851955,42.845743,3539036_3,3539036
-81.28076399999999,42.8468408,3539036_3,3539036
-81.28814539999999,42.8376714,3539036_3,3539036
-81.289034,42.836651599999996,3539036_3,3539036
-81.2904587,42.8351711,3539036_3,3539036
-81.2919694,42.83378939999999,3539036_3,3539036
-81.29355389999999,42.8324796,3539036_3,3539036
-81.30168669999999,42.82658269999999,3539036_3,3539036
-81.3016121,42.82631949999999,3539036_3,3539036
-81.30110119999999,42.824517300000004,3539036_3,3539036
-81.3002624,42.8246228,3539036_3,3539036
-81.2993103,42.82482339999999,3539036_3,3539036
-81.2987979,42.8249688,3539036_3,3539036
-81.2979185,42.825178199999996,3539036_3,3539036
-81.29747859999999,42.82529639999999,3539036_3,3539036
-81.29514379999999,42.8258673,3539036_3,3539036
-81.2902258,42.8271167,3539036_3,3539036
-81.2864981,42.8280467,3539036_3,3539036
-81.2750121,42.83096499999999,3539036_3,3539036
-81.26665059999999,42.833060499999995,3539036_3,3539036
-81.2649023,42.833491599999995,3539036_3,3539036
-81.26342799999999,42.833868599999995,3539036_3,3539036
-81.2590044,42.834941799999996,3539036_3,3539036
-81.25461899999999,42.8360263,3539036_3,3539036
-81.2459374,42.8381835,3539036_3,3539036
-81.2430408,42.838915199999995,3539036_3,3539036
-81.2406074,42.83951400000001,3539036_3,3539036
-81.235264,42.8407868,3539036_3,3539036
-81.2242349,42.8436172,3539036_3,3539036
-81.2097234,42.84704039999999,3539036_3,3539036
-81.2093939,42.8471492,3539036_3,3539036
-81.2070092,42.84772890000001,3539036_3,3539036
-81.20168799999999,42.8490638,3539036_3,3539036
-81.20137,42.8491274,3539036_3,3539036
-81.2013611,42.8491298,3539036_3,3539036
-81.2007544,42.8492858,3539036_3,3539036
-81.1993427,42.8496488,3539036_3,3539036
-81.1953272,42.8506193,3539036_3,3539036
-81.19487629999999,42.8507416,3539036_3,3539036
-81.1946919,42.8508474,3539036_3,3539036
-81.1946751,42.8508722,3539036_3,3539036
-81.1936386,42.8511645,3539036_3,3539036
-81.1800619,42.85443859999999,3539036_3,3539036
-81.18004789999999,42.854435200000005,3539036_3,3539036
-81.1797053,42.8544808,3539036_3,3539036
-81.179515,42.854533399999994,3539036_3,3539036
-81.17869019999999,42.854761499999995,3539036_3,3539036
-81.1766598,42.85526000000001,3539036_3,3539036
-81.17327159999999,42.856084599999996,3539036_3,3539036
-81.1664095,42.85780580000001,3539036_3,3539036
-81.1617244,42.858956199999994,3539036_3,3539036
-81.15872739999999,42.8597529,3539036_3,3539036
-81.15760580000001,42.86003830000001,3539036_3,3539036
-81.1545192,42.861312999999996,3539036_3,3539036
-81.12211359999999,42.8689697,3539036_3,3539036
-81.1220278,42.8689067,3539036_3,3539036
-81.1218442,42.868924899999996,3539036_3,3539036
-81.1215872,42.8689792,3539036_3,3539036
-81.120098,42.86934219999999,3539036_3,3539036
-81.1195451,42.869476999999996,3539036_3,3539036
-81.1147965,42.8706387,3539036_3,3539036
-81.1147569,42.8706483,3539036_3,3539036
-81.1154394,42.87332479999999,3539036_3,3539036
-81.1185375,42.885164599999996,3539036_3,3539036
-81.11969619999999,42.8908041,3539036_3,3539036
-81.12011030000001,42.8933264,3539036_3,3539036
-81.1201973,42.893398500000004,3539036_3,3539036
-81.12026999999999,42.893567,3539036_3,3539036
-81.1202711,42.8935695,3539036_3,3539036
-81.1202711,42.8935727,3539036_3,3539036
-81.12027169999999,42.893868499999996,3539036_3,3539036
-81.1210984,42.896541299999996,3539036_3,3539036
-81.1212558,42.8970501,3539036_3,3539036
-81.12463009999999,42.9092504,3539036_3,3539036
-81.1267817,42.921664400000004,3539036_3,3539036
-81.1155406,42.92275180000001,3539036_3,3539036
-81.1167613,42.92877300000001,3539036_3,3539036
-81.1061888,42.9298633,3539036_3,3539036
-81.10673969999999,42.9329332,3539036_3,3539036
-81.10721509999999,42.9355571,3539036_3,3539036
-81.1086882,42.9354302,3539036_3,3539036
-81.1108802,42.935241399999995,3539036_3,3539036
-81.1134091,42.944416000000004,3539036_3,3539036
-81.113447,42.944553400000004,3539036_3,3539036
-81.11445839999999,42.9481038,3539036_3,3539036
-81.11453940000001,42.9483882,3539036_3,3539036
-81.1146189,42.9486674,3539036_3,3539036
-81.1156093,42.952202,3539036_3,3539036
-81.1159019,42.95324600000001,3539036_3,3539036
-81.117318,42.960974699999994,3539036_3,3539036
-81.1187825,42.9699981,3539036_3,3539036
-81.1197652,42.9745327,3539036_3,3539036
-81.11978189999999,42.974609400000006,3539036_3,3539036
-81.1199212,42.97525209999999,3539036_3,3539036
-81.1199685,42.9754703,3539036_3,3539036
-81.1200564,42.9758762,3539036_3,3539036
-81.1199532,42.9759674,3539036_3,3539036
-81.1199534,42.976030400000006,3539036_3,3539036
-81.1201621,42.97614730000001,3539036_3,3539036
-81.12043249999999,42.9764712,3539036_3,3539036
-81.12073939999999,42.976632900000006,3539036_3,3539036
-81.1211939,42.97697470000001,3539036_3,3539036
-81.1215253,42.977100400000005,3539036_3,3539036
-81.1220775,42.97727089999999,3539036_3,3539036
-81.1222859,42.9772256,3539036_3,3539036
-81.1226044,42.9770542,3539036_3,3539036
-81.1229108,42.9769728,3539036_3,3539036
-81.1231195,42.9770627,3539036_3,3539036
-81.1234142,42.9772694,3539036_3,3539036
-81.12374559999999,42.9773772,3539036_3,3539036
-81.1239544,42.97753000000001,3539036_3,3539036
-81.12406519999999,42.977719,3539036_3,3539036
-81.1241638,42.977971000000004,3539036_3,3539036
-81.1243604,42.978150899999996,3539036_3,3539036
-81.1244712,42.9783669,3539036_3,3539036
-81.12445919999999,42.978511000000005,3539036_3,3539036
-81.1243859,42.9786552,3539036_3,3539036
-81.12438619999999,42.9788083,3539036_3,3539036
-81.1244602,42.9790153,3539036_3,3539036
-81.1244114,42.97915039999999,3539036_3,3539036
-81.12444839999999,42.97924949999999,3539036_3,3539036
-81.12469399999999,42.9793753,3539036_3,3539036
-81.1249638,42.97940199999999,3539036_3,3539036
-81.12517249999999,42.9794738,3539036_3,3539036
-81.1254798,42.9797886,3539036_3,3539036
-81.12567609999999,42.9798515,3539036_3,3539036
-81.1259583,42.9798872,3539036_3,3539036
-81.1260688,42.979941100000005,3539036_3,3539036
-81.1261669,42.979959,3539036_3,3539036
-81.12629,42.9800926,3539036_3,3539036
-81.1281206,42.9790415,3539036_3,3539036
-81.1291248,42.97850689999999,3539036_3,3539036
-81.1304202,42.9778413,3539036_3,3539036
-81.1304873,42.978083,3539036_3,3539036
-81.1307096,42.979118699999994,3539036_3,3539036
-81.1308141,42.97933690000001,3539036_3,3539036
-81.1309819,42.9797886,3539036_3,3539036
-81.1311941,42.980894,3539036_3,3539036
-81.131547,42.982045199999995,3539036_3,3539036
-81.1316788,42.982475300000004,3539036_3,3539036
-81.131768,42.9828295,3539036_3,3539036
-81.1307034,42.983072899999996,3539036_3,3539036
-81.1307704,42.9837855,3539036_3,3539036
-81.13065979999999,42.984619200000004,3539036_3,3539036
-81.1304755,42.98481919999999,3539036_3,3539036
-81.1300679,42.985399099999995,3539036_3,3539036
-81.1293049,42.9865311,3539036_3,3539036
-81.13031140000001,42.9864077,3539036_3,3539036
-81.12994189999999,42.9871148,3539036_3,3539036
-81.12985610000001,42.987514999999995,3539036_3,3539036
-81.1296469,42.988492,3539036_3,3539036
-81.1296259,42.9886263,3539036_3,3539036
-81.1290611,42.9886334,3539036_3,3539036
-81.1284043,42.9886409,3539036_3,3539036
-81.1283756,42.9886407,3539036_3,3539036
-81.1280075,42.9909683,3539036_3,3539036
-81.12318619999999,42.9924124,3539036_3,3539036
-81.1217367,42.992861600000005,3539036_3,3539036
-81.1247547,42.9989268,3539036_3,3539036
-81.1211944,42.9999304,3539036_3,3539036
-81.1139263,43.0019786,3539036_3,3539036
-81.1139316,43.0021537,3539036_3,3539036
-81.11394399999999,43.0025566,3539036_3,3539036
-81.11399349999999,43.002808699999996,3539036_3,3539036
-81.1140674,43.0029527,3539036_3,3539036
-81.11412949999999,43.003357900000005,3539036_3,3539036
-81.1142035,43.003555899999995,3539036_3,3539036
-81.1142409,43.0039071,3539036_3,3539036
-81.1143392,43.003961,3539036_3,3539036
-81.11448639999999,43.003960899999996,3539036_3,3539036
-81.1147685,43.0039155,3539036_3,3539036
-81.1150262,43.003915299999996,3539036_3,3539036
-81.1157379,43.003932600000006,3539036_3,3539036
-81.115971,43.0039683,3539036_3,3539036
-81.1162901,43.00396799999999,3539036_3,3539036
-81.1164866,43.0040939,3539036_3,3539036
-81.11671989999999,43.004192700000004,3539036_3,3539036
-81.1172721,43.0042012,3539036_3,3539036
-81.1175298,43.0042459,3539036_3,3539036
-81.1176406,43.0044529,3539036_3,3539036
-81.1176655,43.004650999999996,3539036_3,3539036
-81.1177517,43.004786,3539036_3,3539036
-81.1178992,43.0049209,3539036_3,3539036
-81.118157,43.00500170000001,3539036_3,3539036
-81.1183045,43.00516359999999,3539036_3,3539036
-81.1185624,43.005280400000004,3539036_3,3539036
-81.11954410000001,43.0053154,3539036_3,3539036
-81.11974060000001,43.0054233,3539036_3,3539036
-81.120097,43.0057471,3539036_3,3539036
-81.1203185,43.006062099999994,3539036_3,3539036
-81.1204168,43.006125,3539036_3,3539036
-81.1206261,43.006512,3539036_3,3539036
-81.1206632,43.00665599999999,3539036_3,3539036
-81.1207459,43.0068243,3539036_3,3539036
-81.1208095,43.006953700000004,3539036_3,3539036
-81.1208269,43.0069891,3539036_3,3539036
-81.12090789999999,43.0071539,3539036_3,3539036
-81.12100819999999,43.00735799999999,3539036_3,3539036
-81.1213037,43.00788000000001,3539036_3,3539036
-81.1213923,43.0079798,3539036_3,3539036
-81.1214636,43.00806000000001,3539036_3,3539036
-81.12153599999999,43.008117,3539036_3,3539036
-81.1225912,43.010110999999995,3539036_3,3539036
-81.12710820000001,43.0186442,3539036_3,3539036
-81.1285983,43.0182115,3539036_3,3539036
-81.12901260000001,43.019481600000006,3539036_3,3539036
-81.12894630000001,43.0228612,3539036_3,3539036
-81.1264786,43.0236342,3539036_3,3539036
-81.1281918,43.0267838,3539036_3,3539036
-81.12991269999999,43.02994710000001,3539036_3,3539036
-81.13577769999999,43.0404346,3539036_3,3539036
-81.13582459999999,43.0405186,3539036_3,3539036
-81.13529539999999,43.0406591,3539036_3,3539036
-81.1326167,43.0413703,3539036_3,3539036
-81.1316384,43.041575900000005,3539036_3,3539036
-81.1271151,43.0425682,3539036_3,3539036
-81.12670299999999,43.0426845,3539036_3,3539036
-81.12934010000001,43.0480415,3539036_3,3539036
-81.1319537,43.0532608,3539036_3,3539036
-81.1353501,43.0522248,3539036_3,3539036
-81.13684239999999,43.0517599,3539036_3,3539036
-81.13986489999999,43.0508439,3539036_3,3539036
-81.14139980000002,43.0503998,3539036_3,3539036
-81.14286829999999,43.049962699999995,3539036_3,3539036
-81.1458528,43.0491059,3539036_3,3539036
-81.14725000000001,43.048665299999996,3539036_3,3539036
-81.1477343,43.0485036,3539036_3,3539036
-81.1478004,43.048632600000005,3539036_3,3539036
-81.1479311,43.048887699999995,3539036_3,3539036
-81.1481565,43.0493552,3539036_3,3539036
-81.1503224,43.0537201,3539036_3,3539036
-81.1583948,43.05227920000001,3539036_3,3539036
-81.16072580000001,43.0517327,3539036_3,3539036
-81.1607695,43.05172239999999,3539036_3,3539036
-81.1635369,43.0511765,3539036_3,3539036
-81.1667064,43.050551,3539036_3,3539036
-81.16697049999999,43.051033200000006,3539036_3,3539036
-81.1680097,43.052931199999996,3539036_3,3539036
-79.15205910000002,43.814527899999995,3520005_4,3520005
-79.1532659,43.816883499999996,3520005_4,3520005
-79.1533433,43.8172615,3520005_4,3520005
-79.15391149999999,43.81883620000001,3520005_4,3520005
-79.1540713,43.8191886,3520005_4,3520005
-79.1549852,43.821203999999994,3520005_4,3520005
-79.15572320000001,43.8228055,3520005_4,3520005
-79.1558266,43.823029899999995,3520005_4,3520005
-79.1558688,43.8231214,3520005_4,3520005
-79.15594,43.8232574,3520005_4,3520005
-79.15622259999999,43.82389440000001,3520005_4,3520005
-79.15649599999999,43.8244362,3520005_4,3520005
-79.15954889999999,43.831721699999996,3520005_4,3520005
-79.1604787,43.8338435,3520005_4,3520005
-79.1609342,43.834840899999996,3520005_4,3520005
-79.1609354,43.8348435,3520005_4,3520005
-79.16248329999999,43.83823350000001,3520005_4,3520005
-79.1647666,43.8432993,3520005_4,3520005
-79.1649448,43.843709999999994,3520005_4,3520005
-79.16604509999999,43.8462454,3520005_4,3520005
-79.16681899999999,43.8479453,3520005_4,3520005
-79.1673941,43.84919099999999,3520005_4,3520005
-79.1674188,43.8492446,3520005_4,3520005
-79.1682573,43.851094100000005,3520005_4,3520005
-79.1699149,43.854637800000006,3520005_4,3520005
-79.1702455,43.8554655,3520005_4,3520005
-79.1709236,43.8553017,3520005_4,3520005
-79.1710475,43.8552725,3520005_4,3520005
-79.1711169,43.855258,3520005_4,3520005
-79.1761278,43.8540832,3520005_4,3520005
-79.1766049,43.853973499999995,3520005_4,3520005
-79.1769314,43.853897499999995,3520005_4,3520005
-79.17757189999999,43.8537452,3520005_4,3520005
-79.18000339999999,43.8531627,3520005_4,3520005
-79.1814323,43.8528163,3520005_4,3520005
-79.18238509999999,43.852579399999996,3520005_4,3520005
-79.1852431,43.8518775,3520005_4,3520005
-79.1859953,43.85169139999999,3520005_4,3520005
-79.1863714,43.851598300000006,3520005_4,3520005
-79.1897181,43.85077810000001,3520005_4,3520005
-79.1898812,43.85073559999999,3520005_4,3520005
-79.19133479999999,43.8503895,3520005_4,3520005
-79.1919115,43.8502456,3520005_4,3520005
-79.19327779999999,43.849906999999995,3520005_4,3520005
-79.19501989999999,43.849484399999994,3520005_4,3520005
-79.196799,43.8490713,3520005_4,3520005
-79.19831500000001,43.848717099999995,3520005_4,3520005
-79.198916,43.8485915,3520005_4,3520005
-79.1992545,43.848506799999996,3520005_4,3520005
-79.1993498,43.8484838,3520005_4,3520005
-79.1996053,43.848422299999996,3520005_4,3520005
-79.1997056,43.848396900000004,3520005_4,3520005
-79.2001068,43.848295199999995,3520005_4,3520005
-79.200558,43.848185199999996,3520005_4,3520005
-79.2044801,43.84724749999999,3520005_4,3520005
-79.2073228,43.8466259,3520005_4,3520005
-79.20927640000001,43.8461974,3520005_4,3520005
-79.2104035,43.8459449,3520005_4,3520005
-79.2115694,43.845686699999995,3520005_4,3520005
-79.2115807,43.84568420000001,3520005_4,3520005
-79.21198129999999,43.845600499999996,3520005_4,3520005
-79.2126201,43.8454574,3520005_4,3520005
-79.2148244,43.8449607,3520005_4,3520005
-79.2171287,43.8444474,3520005_4,3520005
-79.2191197,43.8440103,3520005_4,3520005
-79.2203971,43.843724099999996,3520005_4,3520005
-79.2234275,43.843050999999996,3520005_4,3520005
-79.22533109999999,43.842621400000006,3520005_4,3520005
-79.2258571,43.84250350000001,3520005_4,3520005
-79.22668329999999,43.8423272,3520005_4,3520005
-79.22748469999999,43.8421506,3520005_4,3520005
-79.22773389999999,43.8420971,3520005_4,3520005
-79.2277977,43.8420834,3520005_4,3520005
-79.2278139,43.8420798,3520005_4,3520005
-79.2278728,43.842066599999995,3520005_4,3520005
-79.22826119999999,43.841973599999996,3520005_4,3520005
-79.2287316,43.841874,3520005_4,3520005
-79.2287369,43.841872900000006,3520005_4,3520005
-79.2297264,43.8416451,3520005_4,3520005
-79.2321849,43.84105100000001,3520005_4,3520005
-79.2343401,43.8405383,3520005_4,3520005
-79.2344871,43.84050329999999,3520005_4,3520005
-79.2366665,43.839988299999995,3520005_4,3520005
-79.2372053,43.839861,3520005_4,3520005
-79.2392347,43.839379099999995,3520005_4,3520005
-79.2392787,43.839369899999994,3520005_4,3520005
-79.2393336,43.839358399999995,3520005_4,3520005
-79.2394817,43.839326500000006,3520005_4,3520005
-79.2418393,43.838789,3520005_4,3520005
-79.24528289999999,43.837986199999996,3520005_4,3520005
-79.24847749999999,43.8372343,3520005_4,3520005
-79.2494541,43.837015099999995,3520005_4,3520005
-79.2500932,43.8368539,3520005_4,3520005
-79.251027,43.83663,3520005_4,3520005
-79.25129600000001,43.836559699999995,3520005_4,3520005
-79.2519715,43.83642340000001,3520005_4,3520005
-79.25214419999999,43.836382,3520005_4,3520005
-79.25432359999999,43.8358718,3520005_4,3520005
-79.2561398,43.8354528,3520005_4,3520005
-79.2600224,43.834557,3520005_4,3520005
-79.26113749999999,43.834294199999995,3520005_4,3520005
-79.26357999999999,43.8337184,3520005_4,3520005
-79.2641725,43.8335826,3520005_4,3520005
-79.2663367,43.833086699999996,3520005_4,3520005
-79.2679498,43.832696399999996,3520005_4,3520005
-79.2694862,43.8323436,3520005_4,3520005
-79.2720547,43.831756,3520005_4,3520005
-79.2721597,43.83173190000001,3520005_4,3520005
-79.2751826,43.8310378,3520005_4,3520005
-79.27550939999999,43.8309639,3520005_4,3520005
-79.2767679,43.8306584,3520005_4,3520005
-79.2777359,43.830436000000006,3520005_4,3520005
-79.27924300000001,43.8300963,3520005_4,3520005
-79.280388,43.82983529999999,3520005_4,3520005
-79.28309039999999,43.8292163,3520005_4,3520005
-79.2844885,43.828898599999995,3520005_4,3520005
-79.2847051,43.828849399999996,3520005_4,3520005
-79.2859387,43.8285705,3520005_4,3520005
-79.2871887,43.8282878,3520005_4,3520005
-79.28752589999999,43.8281939,3520005_4,3520005
-79.2894663,43.8277654,3520005_4,3520005
-79.29133589999999,43.8273368,3520005_4,3520005
-79.2917327,43.8272451,3520005_4,3520005
-79.2928969,43.8269734,3520005_4,3520005
-79.2941087,43.826690500000005,3520005_4,3520005
-79.2953296,43.82640550000001,3520005_4,3520005
-79.2963517,43.82616689999999,3520005_4,3520005
-79.29656729999999,43.8261166,3520005_4,3520005
-79.29727179999999,43.8259521,3520005_4,3520005
-79.2973208,43.825941,3520005_4,3520005
-79.2988506,43.825595,3520005_4,3520005
-79.3000629,43.8253115,3520005_4,3520005
-79.3006843,43.8251662,3520005_4,3520005
-79.30152,43.82499,3520005_4,3520005
-79.3044099,43.8243085,3520005_4,3520005
-79.30548,43.82407,3520005_4,3520005
-79.30705379999999,43.8236829,3520005_4,3520005
-79.3071642,43.823657399999995,3520005_4,3520005
-79.3095929,43.8230953,3520005_4,3520005
-79.3097956,43.823048400000005,3520005_4,3520005
-79.3122521,43.8224674,3520005_4,3520005
-79.3140731,43.822047299999994,3520005_4,3520005
-79.3145691,43.821930099999996,3520005_4,3520005
-79.31585059999999,43.8216271,3520005_4,3520005
-79.3168154,43.8214079,3520005_4,3520005
-79.3169128,43.8213858,3520005_4,3520005
-79.3169633,43.821373699999995,3520005_4,3520005
-79.3185589,43.8209923,3520005_4,3520005
-79.3203612,43.820581100000005,3520005_4,3520005
-79.32044049999999,43.8205622,3520005_4,3520005
-79.32216489999999,43.8201508,3520005_4,3520005
-79.3229099,43.819973,3520005_4,3520005
-79.324376,43.8196355,3520005_4,3520005
-79.32442449999999,43.8196243,3520005_4,3520005
-79.32456260000001,43.8195913,3520005_4,3520005
-79.3265389,43.8191186,3520005_4,3520005
-79.3284589,43.818694300000004,3520005_4,3520005
-79.32865190000001,43.818649799999996,3520005_4,3520005
-79.3296616,43.818417,3520005_4,3520005
-79.3297539,43.8183962,3520005_4,3520005
-79.3308615,43.8181462,3520005_4,3520005
-79.3312916,43.8180486,3520005_4,3520005
-79.33207170000001,43.817871499999995,3520005_4,3520005
-79.3346847,43.8172542,3520005_4,3520005
-79.3357801,43.81701280000001,3520005_4,3520005
-79.3364534,43.8168517,3520005_4,3520005
-79.3374633,43.8166191,3520005_4,3520005
-79.33907099999999,43.8162253,3520005_4,3520005
-79.3398641,43.8160104,3520005_4,3520005
-79.34130619999999,43.8156434,3520005_4,3520005
-79.3421894,43.8154106,3520005_4,3520005
-79.3440248,43.81499579999999,3520005_4,3520005
-79.34692729999999,43.81433729999999,3520005_4,3520005
-79.3471125,43.814385,3520005_4,3520005
-79.3485766,43.814046,3520005_4,3520005
-79.3494948,43.8138291,3520005_4,3520005
-79.3514756,43.813380699999996,3520005_4,3520005
-79.3514861,43.8133783,3520005_4,3520005
-79.3520717,43.8132419,3520005_4,3520005
-79.35218309999999,43.813216,3520005_4,3520005
-79.35263049999999,43.8131122,3520005_4,3520005
-79.3527563,43.813083,3520005_4,3520005
-79.35284659999999,43.813061999999995,3520005_4,3520005
-79.35334069999999,43.8129518,3520005_4,3520005
-79.3548824,43.8125826,3520005_4,3520005
-79.35513639999999,43.8125232,3520005_4,3520005
-79.35758589999999,43.81196999999999,3520005_4,3520005
-79.3576861,43.81194440000001,3520005_4,3520005
-79.3586115,43.8117507,3520005_4,3520005
-79.36069859999999,43.811297800000006,3520005_4,3520005
-79.36093009999999,43.811247099999996,3520005_4,3520005
-79.3613381,43.8111595,3520005_4,3520005
-79.3614405,43.811053,3520005_4,3520005
-79.36277919999999,43.81074799999999,3520005_4,3520005
-79.3648807,43.8102829,3520005_4,3520005
-79.3659188,43.8100547,3520005_4,3520005
-79.3677329,43.8096394,3520005_4,3520005
-79.3704226,43.8090295,3520005_4,3520005
-79.3709482,43.808902,3520005_4,3520005
-79.37176050000001,43.8086897,3520005_4,3520005
-79.37223870000001,43.8085648,3520005_4,3520005
-79.3724952,43.8084978,3520005_4,3520005
-79.37260719999999,43.808472900000005,3520005_4,3520005
-79.37277569999999,43.808435499999995,3520005_4,3520005
-79.37300789999999,43.80838389999999,3520005_4,3520005
-79.3737768,43.808212999999995,3520005_4,3520005
-79.37391989999999,43.8081813,3520005_4,3520005
-79.37446469999999,43.808060700000006,3520005_4,3520005
-79.375858,43.807756500000004,3520005_4,3520005
-79.37609049999999,43.8077057,3520005_4,3520005
-79.37662859999999,43.807578299999996,3520005_4,3520005
-79.37670370000001,43.807561299999996,3520005_4,3520005
-79.3768267,43.80760809999999,3520005_4,3520005
-79.3805182,43.8068027,3520005_4,3520005
-79.3827546,43.8063146,3520005_4,3520005
-79.3828316,43.8062256,3520005_4,3520005
-79.3833836,43.8060833,3520005_4,3520005
-79.3846964,43.805800399999995,3520005_4,3520005
-79.38578299999999,43.8055831,3520005_4,3520005
-79.38612069999999,43.805506799999996,3520005_4,3520005
-79.38717,43.8052684,3520005_4,3520005
-79.3882471,43.8050236,3520005_4,3520005
-79.3883848,43.8049896,3520005_4,3520005
-79.39008550000001,43.804617400000005,3520005_4,3520005
-79.3912234,43.804372300000004,3520005_4,3520005
-79.3915736,43.80429619999999,3520005_4,3520005
-79.3918236,43.804245699999996,3520005_4,3520005
-79.3927233,43.80402739999999,3520005_4,3520005
-79.3944204,43.8036457,3520005_4,3520005
-79.3962186,43.8032631,3520005_4,3520005
-79.3977764,43.80292480000001,3520005_4,3520005
-79.3991267,43.8026376,3520005_4,3520005
-79.3994921,43.802556900000006,3520005_4,3520005
-79.4008899,43.8022481,3520005_4,3520005
-79.4017149,43.8020796,3520005_4,3520005
-79.4028276,43.801843000000005,3520005_4,3520005
-79.4028902,43.8018259,3520005_4,3520005
-79.40627889999999,43.8010809,3520005_4,3520005
-79.4063469,43.8010635,3520005_4,3520005
-79.40657929999999,43.801004,3520005_4,3520005
-79.4092551,43.8004201,3520005_4,3520005
-79.4092926,43.8004116,3520005_4,3520005
-79.4112806,43.799980000000005,3520005_4,3520005
-79.4118506,43.799816899999996,3520005_4,3520005
-79.4144589,43.7992456,3520005_4,3520005
-79.41707690000001,43.798666,3520005_4,3520005
-79.4189268,43.798269,3520005_4,3520005
-79.41942399999999,43.79815920000001,3520005_4,3520005
-79.4197241,43.79809290000001,3520005_4,3520005
-79.4200736,43.7979929,3520005_4,3520005
-79.4231508,43.7973289,3520005_4,3520005
-79.426368,43.7966154,3520005_4,3520005
-79.42857649999999,43.796145599999996,3520005_4,3520005
-79.42913329999999,43.796027099999996,3520005_4,3520005
-79.4292575,43.7960007,3520005_4,3520005
-79.4294968,43.7959485,3520005_4,3520005
-79.4327122,43.795246600000006,3520005_4,3520005
-79.4350086,43.7947449,3520005_4,3520005
-79.4365544,43.794407199999995,3520005_4,3520005
-79.43674850000001,43.79437989999999,3520005_4,3520005
-79.43697379999999,43.7943309,3520005_4,3520005
-79.4372064,43.7942804,3520005_4,3520005
-79.4383194,43.7940385,3520005_4,3520005
-79.43858589999999,43.793980600000005,3520005_4,3520005
-79.4388185,43.793929999999996,3520005_4,3520005
-79.439628,43.7937541,3520005_4,3520005
-79.44103609999999,43.7934481,3520005_4,3520005
-79.4412688,43.793397999999996,3520005_4,3520005
-79.44292829999999,43.7930408,3520005_4,3520005
-79.443161,43.792990700000004,3520005_4,3520005
-79.4433383,43.7929525,3520005_4,3520005
-79.4448634,43.7926024,3520005_4,3520005
-79.44509479999999,43.792549300000005,3520005_4,3520005
-79.44532629999999,43.792496199999995,3520005_4,3520005
-79.44533779999999,43.79249349999999,3520005_4,3520005
-79.4457448,43.792400099999995,3520005_4,3520005
-79.4475795,43.79200660000001,3520005_4,3520005
-79.447929,43.791929399999994,3520005_4,3520005
-79.4481613,43.791878200000006,3520005_4,3520005
-79.44835239999999,43.791836000000004,3520005_4,3520005
-79.44858459999999,43.791784699999994,3520005_4,3520005
-79.4487306,43.7917525,3520005_4,3520005
-79.44896279999999,43.7917012,3520005_4,3520005
-79.4492728,43.7916327,3520005_4,3520005
-79.4495051,43.7915814,3520005_4,3520005
-79.450485,43.791365,3520005_4,3520005
-79.4507173,43.7913138,3520005_4,3520005
-79.4527918,43.7908556,3520005_4,3520005
-79.4530241,43.7908043,3520005_4,3520005
-79.45512839999999,43.79035489999999,3520005_4,3520005
-79.45580009999999,43.790209499999996,3520005_4,3520005
-79.4576245,43.78984,3520005_4,3520005
-79.4583777,43.789677,3520005_4,3520005
-79.4592395,43.7894905,3520005_4,3520005
-79.46317789999999,43.7886403,3520005_4,3520005
-79.4648668,43.7883104,3520005_4,3520005
-79.4651386,43.7882573,3520005_4,3520005
-79.465903,43.7881114,3520005_4,3520005
-79.46683519999999,43.78791760000001,3520005_4,3520005
-79.4668671,43.7879109,3520005_4,3520005
-79.46846339999999,43.787591899999995,3520005_4,3520005
-79.46869769999999,43.7875461,3520005_4,3520005
-79.47007909999999,43.7872758,3520005_4,3520005
-79.47031,43.78722139999999,3520005_4,3520005
-79.474705,43.7861864,3520005_4,3520005
-79.4747471,43.786176499999996,3520005_4,3520005
-79.4810475,43.7846925,3520005_4,3520005
-79.48324509999999,43.784193099999996,3520005_4,3520005
-79.4834054,43.7842402,3520005_4,3520005
-79.48441249999999,43.7839995,3520005_4,3520005
-79.4844734,43.7839849,3520005_4,3520005
-79.4865812,43.783480999999995,3520005_4,3520005
-79.4873066,43.7833015,3520005_4,3520005
-79.4877202,43.783162999999995,3520005_4,3520005
-79.4877963,43.783100899999994,3520005_4,3520005
-79.4901173,43.782567,3520005_4,3520005
-79.4936967,43.7817203,3520005_4,3520005
-79.4939066,43.781777100000006,3520005_4,3520005
-79.4940441,43.7817429,3520005_4,3520005
-79.494219,43.78170910000001,3520005_4,3520005
-79.49443169999999,43.7816489,3520005_4,3520005
-79.4946145,43.78159869999999,3520005_4,3520005
-79.49494419999999,43.7815296,3520005_4,3520005
-79.49524439999999,43.78145250000001,3520005_4,3520005
-79.4955444,43.7813845,3520005_4,3520005
-79.495857,43.781307500000004,3520005_4,3520005
-79.49618199999999,43.78123079999999,3520005_4,3520005
-79.49649459999999,43.78115390000001,3520005_4,3520005
-79.4968196,43.781077100000005,3520005_4,3520005
-79.49714469999999,43.781000399999996,3520005_4,3520005
-79.497429,43.78093319999999,3520005_4,3520005
-79.4977945,43.7808558,3520005_4,3520005
-79.4981195,43.7807791,3520005_4,3520005
-79.4984321,43.78070220000001,3520005_4,3520005
-79.4987696,43.78062560000001,3520005_4,3520005
-79.5000069,43.7803447,3520005_4,3520005
-79.50415810000001,43.7793652,3520005_4,3520005
-79.50435220000001,43.7793194,3520005_4,3520005
-79.5044935,43.7792861,3520005_4,3520005
-79.5060446,43.77892009999999,3520005_4,3520005
-79.5071567,43.7786735,3520005_4,3520005
-79.5083564,43.778401099999996,3520005_4,3520005
-79.51108649999999,43.777776300000006,3520005_4,3520005
-79.5170242,43.77641729999999,3520005_4,3520005
-79.51862770000001,43.7761037,3520005_4,3520005
-79.5190022,43.7760365,3520005_4,3520005
-79.51996179999999,43.7759229,3520005_4,3520005
-79.520586,43.77580489999999,3520005_4,3520005
-79.5213488,43.775607699999995,3520005_4,3520005
-79.5216235,43.7755572,3520005_4,3520005
-79.5217059,43.775532,3520005_4,3520005
-79.52179869999999,43.7755055,3520005_4,3520005
-79.5218915,43.775473399999996,3520005_4,3520005
-79.5220995,43.7754013,3520005_4,3520005
-79.5221512,43.77532089999999,3520005_4,3520005
-79.5222891,43.775268700000005,3520005_4,3520005
-79.5229896,43.7750797,3520005_4,3520005
-79.52343929999999,43.7749865,3520005_4,3520005
-79.5254945,43.7745646,3520005_4,3520005
-79.5268237,43.7742918,3520005_4,3520005
-79.5295957,43.773742299999995,3520005_4,3520005
-79.5297705,43.7737085,3520005_4,3520005
-79.5317936,43.77329340000001,3520005_4,3520005
-79.5333052,43.77296159999999,3520005_4,3520005
-79.534354,43.7727773,3520005_4,3520005
-79.53439850000001,43.77276940000001,3520005_4,3520005
-79.53440330000001,43.7727686,3520005_4,3520005
-79.5347105,43.7727142,3520005_4,3520005
-79.5348234,43.7726943,3520005_4,3520005
-79.53487750000001,43.7726847,3520005_4,3520005
-79.53506519999999,43.77263299999999,3520005_4,3520005
-79.5350969,43.77262659999999,3520005_4,3520005
-79.53520879999999,43.772604199999996,3520005_4,3520005
-79.5354023,43.7725653,3520005_4,3520005
-79.53625939999999,43.772398800000005,3520005_4,3520005
-79.53777939999999,43.7720829,3520005_4,3520005
-79.537786,43.7720818,3520005_4,3520005
-79.53881129999999,43.77187070000001,3520005_4,3520005
-79.5406505,43.77148509999999,3520005_4,3520005
-79.54343829999999,43.7709128,3520005_4,3520005
-79.5465169,43.77027399999999,3520005_4,3520005
-79.5495906,43.7696616,3520005_4,3520005
-79.55218579999999,43.7691099,3520005_4,3520005
-79.5549783,43.7685597,3520005_4,3520005
-79.55779419999999,43.767975299999996,3520005_4,3520005
-79.56056319999999,43.7674018,3520005_4,3520005
-79.56390929999999,43.7667146,3520005_4,3520005
-79.56406989999999,43.7667526,3520005_4,3520005
-79.5643821,43.766684500000004,3520005_4,3520005
-79.5648164,43.7665915,3520005_4,3520005
-79.5648192,43.7665909,3520005_4,3520005
-79.56678,43.7661654,3520005_4,3520005
-79.5690266,43.76567730000001,3520005_4,3520005
-79.5710398,43.7652399,3520005_4,3520005
-79.57473510000001,43.764437099999995,3520005_4,3520005
-79.5748974,43.764403099999996,3520005_4,3520005
-79.57551,43.76423969999999,3520005_4,3520005
-79.5756117,43.76414189999999,3520005_4,3520005
-79.5769852,43.763852899999996,3520005_4,3520005
-79.5775231,43.7636975,3520005_4,3520005
-79.58036969999999,43.7630511,3520005_4,3520005
-79.580458,43.7630313,3520005_4,3520005
-79.58054030000001,43.763012499999995,3520005_4,3520005
-79.58071439999999,43.76297269999999,3520005_4,3520005
-79.5807147,43.76297269999999,3520005_4,3520005
-79.58394129999999,43.7622608,3520005_4,3520005
-79.58394299999999,43.762260399999995,3520005_4,3520005
-79.5904075,43.7607741,3520005_4,3520005
-79.59316179999999,43.76015,3520005_4,3520005
-79.5944727,43.759852,3520005_4,3520005
-79.5954503,43.7595679,3520005_4,3520005
-79.5956166,43.759545100000004,3520005_4,3520005
-79.5956307,43.7595435,3520005_4,3520005
-79.59571269999999,43.7595343,3520005_4,3520005
-79.59606289999999,43.7594917,3520005_4,3520005
-79.5970088,43.7592854,3520005_4,3520005
-79.597337,43.759211199999996,3520005_4,3520005
-79.59965389999999,43.75868719999999,3520005_4,3520005
-79.6020427,43.758146499999995,3520005_4,3520005
-79.6033715,43.757854300000005,3520005_4,3520005
-79.6048011,43.7575368,3520005_4,3520005
-79.60487409999999,43.75752060000001,3520005_4,3520005
-79.6081083,43.756795800000006,3520005_4,3520005
-79.60855240000001,43.7566963,3520005_4,3520005
-79.6112184,43.756105,3520005_4,3520005
-79.6138522,43.7555007,3520005_4,3520005
-79.61408109999999,43.755447,3520005_4,3520005
-79.6142363,43.755426299999996,3520005_4,3520005
-79.61708019999999,43.754789,3520005_4,3520005
-79.619833,43.7541681,3520005_4,3520005
-79.62490190000001,43.7530408,3520005_4,3520005
-79.6251142,43.752989299999996,3520005_4,3520005
-79.629547,43.751971100000006,3520005_4,3520005
-79.6295488,43.751970799999995,3520005_4,3520005
-79.6295969,43.75196270000001,3520005_4,3520005
-79.6301338,43.751843099999995,3520005_4,3520005
-79.63014059999999,43.75184170000001,3520005_4,3520005
-79.6308202,43.7516982,3520005_4,3520005
-79.63082059999999,43.7516981,3520005_4,3520005
-79.63089509999999,43.7516811,3520005_4,3520005
-79.6311075,43.75162960000001,3520005_4,3520005
-79.63110929999999,43.7516293,3520005_4,3520005
-79.6311948,43.751612699999995,3520005_4,3520005
-79.6317066,43.7515018,3520005_4,3520005
-79.6319686,43.751450899999995,3520005_4,3520005
-79.6322304,43.751409,3520005_4,3520005
-79.6323924,43.75138390000001,3520005_4,3520005
-79.6325545,43.75135879999999,3520005_4,3520005
-79.6326416,43.7513509,3520005_4,3520005
-79.6327786,43.7513345,3520005_4,3520005
-79.6331395,43.75130279999999,3520005_4,3520005
-79.633575,43.751272,3520005_4,3520005
-79.6338497,43.7512705,3520005_4,3520005
-79.6341592,43.75125200000001,3520005_4,3520005
-79.6345195,43.751247299999996,3520005_4,3520005
-79.6346822,43.7512453,3520005_4,3520005
-79.6348922,43.7512427,3520005_4,3520005
-79.63524029999999,43.7512289,3520005_4,3520005
-79.63553940000001,43.7511874,3520005_4,3520005
-79.6359258,43.751129,3520005_4,3520005
-79.63611259999999,43.7511042,3520005_4,3520005
-79.6364493,43.7510452,3520005_4,3520005
-79.63673659999999,43.7509766,3520005_4,3520005
-79.6370372,43.7508632,3520005_4,3520005
-79.6373626,43.750758999999995,3520005_4,3520005
-79.6377013,43.75060999999999,3520005_4,3520005
-79.63930239999999,43.74984569999999,3520005_4,3520005
-79.6383486,43.748962,3520005_4,3520005
-79.6378392,43.7484767,3520005_4,3520005
-79.637603,43.748294,3520005_4,3520005
-79.6375918,43.74828710000001,3520005_4,3520005
-79.63698769999999,43.7468736,3520005_4,3520005
-79.6369758,43.746760699999996,3520005_4,3520005
-79.6366906,43.746154,3520005_4,3520005
-79.6346922,43.7430466,3520005_4,3520005
-79.6341429,43.74207390000001,3520005_4,3520005
-79.6307076,43.73665589999999,3520005_4,3520005
-79.63047379999999,43.7363966,3520005_4,3520005
-79.6299063,43.73535369999999,3520005_4,3520005
-79.62917809999999,43.7340881,3520005_4,3520005
-79.62903399999999,43.733834699999996,3520005_4,3520005
-79.62897439999999,43.7337053,3520005_4,3520005
-79.62894829999999,43.7336573,3520005_4,3520005
-79.6283476,43.7328893,3520005_4,3520005
-79.626846,43.73061049999999,3520005_4,3520005
-79.62665179999999,43.7303098,3520005_4,3520005
-79.62581829999999,43.729050799999996,3520005_4,3520005
-79.6258106,43.7290328,3520005_4,3520005
-79.6257796,43.7289604,3520005_4,3520005
-79.6257759,43.7289518,3520005_4,3520005
-79.6257408,43.72887539999999,3520005_4,3520005
-79.62570459999999,43.72879890000001,3520005_4,3520005
-79.62566749999999,43.728722399999995,3520005_4,3520005
-79.62540369999999,43.728209299999996,3520005_4,3520005
-79.6252975,43.7280027,3520005_4,3520005
-79.625248,43.7278993,3520005_4,3520005
-79.6252021,43.72782279999999,3520005_4,3520005
-79.625157,43.7277509,3520005_4,3520005
-79.625113,43.7276744,3520005_4,3520005
-79.6250694,43.7275979,3520005_4,3520005
-79.6250262,43.727526,3520005_4,3520005
-79.6248141,43.7271075,3520005_4,3520005
-79.6246409,43.726765799999995,3520005_4,3520005
-79.62417119999999,43.7259547,3520005_4,3520005
-79.62399719999999,43.7256541,3520005_4,3520005
-79.6239939,43.7256481,3520005_4,3520005
-79.62305789999999,43.723974,3520005_4,3520005
-79.62286519999999,43.7236182,3520005_4,3520005
-79.6228306,43.723554299999996,3520005_4,3520005
-79.6228297,43.7235526,3520005_4,3520005
-79.622569,43.72307939999999,3520005_4,3520005
-79.6223839,43.722744899999995,3520005_4,3520005
-79.62218229999999,43.7223806,3520005_4,3520005
-79.62168869999999,43.721488699999995,3520005_4,3520005
-79.62038849999999,43.719177099999996,3520005_4,3520005
-79.6200423,43.71857860000001,3520005_4,3520005
-79.6200305,43.7185515,3520005_4,3520005
-79.61999469999999,43.718488,3520005_4,3520005
-79.6199827,43.718469899999995,3520005_4,3520005
-79.6197971,43.71813469999999,3520005_4,3520005
-79.6195059,43.7176087,3520005_4,3520005
-79.6194577,43.7175264,3520005_4,3520005
-79.6188525,43.716493299999996,3520005_4,3520005
-79.6171117,43.71352139999999,3520005_4,3520005
-79.61709479999999,43.713492499999994,3520005_4,3520005
-79.6151435,43.7101822,3520005_4,3520005
-79.6137772,43.707874600000004,3520005_4,3520005
-79.6136696,43.707701699999994,3520005_4,3520005
-79.6135244,43.7074686,3520005_4,3520005
-79.6135238,43.7074676,3520005_4,3520005
-79.6134192,43.7072997,3520005_4,3520005
-79.6125898,43.7059675,3520005_4,3520005
-79.6124012,43.7056675,3520005_4,3520005
-79.6122718,43.70546170000001,3520005_4,3520005
-79.6122717,43.7054615,3520005_4,3520005
-79.6122249,43.70538699999999,3520005_4,3520005
-79.6122137,43.7053692,3520005_4,3520005
-79.6120511,43.705110499999996,3520005_4,3520005
-79.6116116,43.7044112,3520005_4,3520005
-79.6103859,43.7024907,3520005_4,3520005
-79.60991779999999,43.70176949999999,3520005_4,3520005
-79.60969639999999,43.7014283,3520005_4,3520005
-79.60961669999999,43.70129989999999,3520005_4,3520005
-79.60943189999999,43.70102519999999,3520005_4,3520005
-79.6092687,43.700782499999995,3520005_4,3520005
-79.6091131,43.700537499999996,3520005_4,3520005
-79.6081435,43.698995000000004,3520005_4,3520005
-79.60726930000001,43.6976248,3520005_4,3520005
-79.6071856,43.6974887,3520005_4,3520005
-79.6071522,43.69743820000001,3520005_4,3520005
-79.6071496,43.69743429999999,3520005_4,3520005
-79.6070927,43.697344199999996,3520005_4,3520005
-79.60701379999999,43.6972191,3520005_4,3520005
-79.607006,43.697206599999994,3520005_4,3520005
-79.6069244,43.6970758,3520005_4,3520005
-79.6068592,43.6969712,3520005_4,3520005
-79.606826,43.696918,3520005_4,3520005
-79.606684,43.69669049999999,3520005_4,3520005
-79.6060727,43.6957104,3520005_4,3520005
-79.60604889999999,43.69566509999999,3520005_4,3520005
-79.6052006,43.694250100000005,3520005_4,3520005
-79.6047112,43.693415800000004,3520005_4,3520005
-79.6028224,43.689674,3520005_4,3520005
-79.6026645,43.689361299999995,3520005_4,3520005
-79.6024884,43.689048299999996,3520005_4,3520005
-79.6018689,43.6879471,3520005_4,3520005
-79.6015651,43.68747510000001,3520005_4,3520005
-79.6009988,43.6866613,3520005_4,3520005
-79.6008375,43.686431,3520005_4,3520005
-79.600599,43.68612160000001,3520005_4,3520005
-79.600489,43.6854513,3520005_4,3520005
-79.6004457,43.685199499999996,3520005_4,3520005
-79.6000653,43.6845542,3520005_4,3520005
-79.5999674,43.683793699999995,3520005_4,3520005
-79.5947395,43.674475199999996,3520005_4,3520005
-79.594624,43.6742724,3520005_4,3520005
-79.59378699999999,43.6731153,3520005_4,3520005
-79.59323450000001,43.67219019999999,3520005_4,3520005
-79.5931411,43.6720336,3520005_4,3520005
-79.5920864,43.67026500000001,3520005_4,3520005
-79.5918525,43.669863899999996,3520005_4,3520005
-79.59157909999999,43.669395099999996,3520005_4,3520005
-79.5915507,43.6693479,3520005_4,3520005
-79.5914511,43.669182,3520005_4,3520005
-79.591408,43.669110399999994,3520005_4,3520005
-79.59130680000001,43.668942,3520005_4,3520005
-79.59129109999999,43.6689158,3520005_4,3520005
-79.5912194,43.6687964,3520005_4,3520005
-79.5911939,43.6687541,3520005_4,3520005
-79.591191,43.66874929999999,3520005_4,3520005
-79.59111039999999,43.66861509999999,3520005_4,3520005
-79.5910869,43.668575999999995,3520005_4,3520005
-79.5909195,43.6682974,3520005_4,3520005
-79.59087319999999,43.66822039999999,3520005_4,3520005
-79.5907745,43.6680626,3520005_4,3520005
-79.59064269999999,43.66783679999999,3520005_4,3520005
-79.59056509999999,43.6677076,3520005_4,3520005
-79.59040089999999,43.6674332,3520005_4,3520005
-79.5902976,43.66728959999999,3520005_4,3520005
-79.5902562,43.667232,3520005_4,3520005
-79.5902481,43.6672207,3520005_4,3520005
-79.59012729999999,43.6670954,3520005_4,3520005
-79.5899316,43.666934,3520005_4,3520005
-79.59000739999999,43.6668114,3520005_4,3520005
-79.59005069999999,43.6667413,3520005_4,3520005
-79.58971009999999,43.6663281,3520005_4,3520005
-79.5887632,43.6646096,3520005_4,3520005
-79.58963299999999,43.663797,3520005_4,3520005
-79.59110439999999,43.662415100000004,3520005_4,3520005
-79.59195299999999,43.661646700000006,3520005_4,3520005
-79.59251979999999,43.66112280000001,3520005_4,3520005
-79.5932167,43.660478499999996,3520005_4,3520005
-79.5940148,43.6597407,3520005_4,3520005
-79.59567009999999,43.6582808,3520005_4,3520005
-79.5983663,43.65587219999999,3520005_4,3520005
-79.5984778,43.655772999999996,3520005_4,3520005
-79.6031132,43.6515912,3520005_4,3520005
-79.6055717,43.64937309999999,3520005_4,3520005
-79.6063585,43.648663299999996,3520005_4,3520005
-79.60640570000001,43.648621,3520005_4,3520005
-79.6084951,43.6467497,3520005_4,3520005
-79.6084965,43.64674839999999,3520005_4,3520005
-79.6088243,43.6464566,3520005_4,3520005
-79.6088552,43.6464283,3520005_4,3520005
-79.6088188,43.6464052,3520005_4,3520005
-79.6088006,43.646393599999996,3520005_4,3520005
-79.6084192,43.64615389999999,3520005_4,3520005
-79.6083335,43.6460717,3520005_4,3520005
-79.6081157,43.64569939999999,3520005_4,3520005
-79.6080444,43.645491199999995,3520005_4,3520005
-79.608023,43.6452746,3520005_4,3520005
-79.6079254,43.645156099999994,3520005_4,3520005
-79.6077414,43.645000499999995,3520005_4,3520005
-79.6074467,43.644771500000004,3520005_4,3520005
-79.6072119,43.64466929999999,3520005_4,3520005
-79.6071126,43.64464999999999,3520005_4,3520005
-79.6068751,43.6446739,3520005_4,3520005
-79.6064012,43.6446767,3520005_4,3520005
-79.6060895,43.64467260000001,3520005_4,3520005
-79.6058382,43.6447503,3520005_4,3520005
-79.60553879999999,43.6447554,3520005_4,3520005
-79.60537769999999,43.644708200000004,3520005_4,3520005
-79.6050956,43.644470299999995,3520005_4,3520005
-79.6048728,43.6443953,3520005_4,3520005
-79.6041616,43.644413,3520005_4,3520005
-79.60359799999999,43.644513599999996,3520005_4,3520005
-79.6034732,43.644521,3520005_4,3520005
-79.6032211,43.6446257,3520005_4,3520005
-79.6028845,43.6446212,3520005_4,3520005
-79.6025744,43.644545099999995,3520005_4,3520005
-79.60242579999999,43.6444981,3520005_4,3520005
-79.602132,43.644214999999996,3520005_4,3520005
-79.6018854,43.6440856,3520005_4,3520005
-79.6007844,43.6438798,3520005_4,3520005
-79.6006931,43.6438627,3520005_4,3520005
-79.6004573,43.643818599999996,3520005_4,3520005
-79.60045559999999,43.6438183,3520005_4,3520005
-79.60038159999999,43.643804200000005,3520005_4,3520005
-79.60021499999999,43.6437938,3520005_4,3520005
-79.60011790000001,43.6437878,3520005_4,3520005
-79.5997489,43.6437649,3520005_4,3520005
-79.5995595,43.6437343,3520005_4,3520005
-79.59908109999999,43.6435445,3520005_4,3520005
-79.5986788,43.6432746,3520005_4,3520005
-79.59854059999999,43.643145200000006,3520005_4,3520005
-79.5985028,43.643080999999995,3520005_4,3520005
-79.5982882,43.6430408,3520005_4,3520005
-79.5982738,43.64304,3520005_4,3520005
-79.598034,43.64302809999999,3520005_4,3520005
-79.5969708,43.6429755,3520005_4,3520005
-79.59687269999999,43.64299270000001,3520005_4,3520005
-79.5964338,43.642970999999996,3520005_4,3520005
-79.59595689999999,43.6430029,3520005_4,3520005
-79.5956377,43.6430994,3520005_4,3520005
-79.5954781,43.6431431,3520005_4,3520005
-79.5948751,43.6434265,3520005_4,3520005
-79.59430789999999,43.64380969999999,3520005_4,3520005
-79.5940365,43.64399679999999,3520005_4,3520005
-79.59367929999999,43.644192200000006,3520005_4,3520005
-79.59307629999999,43.64447559999999,3520005_4,3520005
-79.59267070000001,43.6446254,3520005_4,3520005
-79.5925608,43.6446245,3520005_4,3520005
-79.59197069999999,43.6444817,3520005_4,3520005
-79.5919057,43.644466,3520005_4,3520005
-79.5917653,43.64439730000001,3520005_4,3520005
-79.5915631,43.6442996,3520005_4,3520005
-79.5913918,43.644216799999995,3520005_4,3520005
-79.5912907,43.64427849999999,3520005_4,3520005
-79.5909951,43.64413950000001,3520005_4,3520005
-79.5906251,43.643990599999995,3520005_4,3520005
-79.59045619999999,43.6438972,3520005_4,3520005
-79.5902629,43.643790300000006,3520005_4,3520005
-79.590261,43.6437893,3520005_4,3520005
-79.59007070000001,43.6436838,3520005_4,3520005
-79.58992599999999,43.643603600000006,3520005_4,3520005
-79.58970839999999,43.643375899999995,3520005_4,3520005
-79.5894886,43.6432382,3520005_4,3520005
-79.589378,43.6432009,3520005_4,3520005
-79.5892079,43.643054799999994,3520005_4,3520005
-79.589061,43.642981,3520005_4,3520005
-79.58874209999999,43.642842099999996,3520005_4,3520005
-79.5884646,43.6425236,3520005_4,3520005
-79.58838159999999,43.6423696,3520005_4,3520005
-79.5883996,43.6421358,3520005_4,3520005
-79.5884183,43.641875,3520005_4,3520005
-79.5877443,43.641038699999996,3520005_4,3520005
-79.5874698,43.640603299999995,3520005_4,3520005
-79.58735279999999,43.6403138,3520005_4,3520005
-79.58729799999999,43.6400161,3520005_4,3520005
-79.5868004,43.6390649,3520005_4,3520005
-79.58645229999999,43.638592599999996,3520005_4,3520005
-79.58607669999999,43.638237,3520005_4,3520005
-79.585925,43.6379349,3520005_4,3520005
-79.5858993,43.6378837,3520005_4,3520005
-79.5858081,43.637804200000005,3520005_4,3520005
-79.5856508,43.6376652,3520005_4,3520005
-79.585608,43.6376279,3520005_4,3520005
-79.5854426,43.6374358,3520005_4,3520005
-79.5853844,43.6373682,3520005_4,3520005
-79.58534770000001,43.637272499999995,3520005_4,3520005
-79.5853357,43.637239900000004,3520005_4,3520005
-79.5853496,43.6371769,3520005_4,3520005
-79.58535789999999,43.637096799999995,3520005_4,3520005
-79.5853655,43.6370238,3520005_4,3520005
-79.5854717,43.636748399999995,3520005_4,3520005
-79.5855371,43.63657879999999,3520005_4,3520005
-79.58557669999999,43.636476200000004,3520005_4,3520005
-79.58562169999999,43.636416000000004,3520005_4,3520005
-79.5857302,43.6362709,3520005_4,3520005
-79.5858999,43.6359038,3520005_4,3520005
-79.5860028,43.635743,3520005_4,3520005
-79.5860694,43.6355457,3520005_4,3520005
-79.5861023,43.6351949,3520005_4,3520005
-79.58606759999999,43.6350864,3520005_4,3520005
-79.58578059999999,43.634632499999995,3520005_4,3520005
-79.5856587,43.6345409,3520005_4,3520005
-79.5856117,43.63443229999999,3520005_4,3520005
-79.5856134,43.6343603,3520005_4,3520005
-79.5857683,43.634091999999995,3520005_4,3520005
-79.5858353,43.633876699999995,3520005_4,3520005
-79.5858674,43.63356189999999,3520005_4,3520005
-79.5854475,43.632962299999996,3520005_4,3520005
-79.58530710000001,43.63260040000001,3520005_4,3520005
-79.58523989999999,43.63229330000001,3520005_4,3520005
-79.58516039999999,43.6319771,3520005_4,3520005
-79.5851574,43.631571799999996,3520005_4,3520005
-79.5852135,43.6312934,3520005_4,3520005
-79.585422,43.6308546,3520005_4,3520005
-79.5856774,43.6305336,3520005_4,3520005
-79.5857047,43.6304259,3520005_4,3520005
-79.58591009999999,43.63012219999999,3520005_4,3520005
-79.5860537,43.6298088,3520005_4,3520005
-79.5861077,43.6296203,3520005_4,3520005
-79.5861129,43.6293952,3520005_4,3520005
-79.5860177,43.629222899999995,3520005_4,3520005
-79.5858241,43.6290224,3520005_4,3520005
-79.5856165,43.62888480000001,3520005_4,3520005
-79.5852493,43.628682000000005,3520005_4,3520005
-79.5847558,43.6285768,3520005_4,3520005
-79.5838322,43.6283131,3520005_4,3520005
-79.5832787,43.6281261,3520005_4,3520005
-79.5832056,43.6280712,3520005_4,3520005
-79.5830457,43.62801509999999,3520005_4,3520005
-79.5822183,43.6278787,3520005_4,3520005
-79.58212520000001,43.62787300000001,3520005_4,3520005
-79.58188410000001,43.6278583,3520005_4,3520005
-79.58183919999999,43.627855499999995,3520005_4,3520005
-79.5818195,43.6278703,3520005_4,3520005
-79.58181189999999,43.627876,3520005_4,3520005
-79.5817205,43.62794449999999,3520005_4,3520005
-79.58162159999999,43.6280139,3520005_4,3520005
-79.5816213,43.627842099999995,3520005_4,3520005
-79.5811078,43.627809000000006,3520005_4,3520005
-79.5808883,43.627724400000005,3520005_4,3520005
-79.5805164,43.627508299999995,3520005_4,3520005
-79.5803303,43.62740000000001,3520005_4,3520005
-79.58018349999999,43.627262300000005,3520005_4,3520005
-79.580136,43.627217699999996,3520005_4,3520005
-79.58012520000001,43.6271456,3520005_4,3520005
-79.5798203,43.626916900000005,3520005_4,3520005
-79.57966019999999,43.626861,3520005_4,3520005
-79.5791416,43.6267558,3520005_4,3520005
-79.5788323,43.6267161,3520005_4,3520005
-79.5782292,43.626510800000005,3520005_4,3520005
-79.5776003,43.6263413,3520005_4,3520005
-79.57679929999999,43.6261066,3520005_4,3520005
-79.576628,43.6260056,3520005_4,3520005
-79.5754855,43.625514800000005,3520005_4,3520005
-79.5750661,43.625410699999996,3520005_4,3520005
-79.5747438,43.625397899999996,3520005_4,3520005
-79.5745945,43.6254141,3520005_4,3520005
-79.5743066,43.6255187,3520005_4,3520005
-79.5740549,43.6256688,3520005_4,3520005
-79.5738642,43.62585569999999,3520005_4,3520005
-79.5735006,43.6260135,3520005_4,3520005
-79.5733135,43.62605620000001,3520005_4,3520005
-79.57315260000001,43.626036299999996,3520005_4,3520005
-79.5727677,43.626049699999996,3520005_4,3520005
-79.5721808,43.626204800000004,3520005_4,3520005
-79.5719616,43.6262853,3520005_4,3520005
-79.5717454,43.6263647,3520005_4,3520005
-79.57152959999999,43.626444,3520005_4,3520005
-79.5714927,43.6264575,3520005_4,3520005
-79.5709933,43.626613400000004,3520005_4,3520005
-79.5707927,43.6267099,3520005_4,3520005
-79.57003209999999,43.626907599999996,3520005_4,3520005
-79.5697469,43.626912999999995,3520005_4,3520005
-79.5692768,43.6268801,3520005_4,3520005
-79.5688696,43.62680299999999,3520005_4,3520005
-79.5686983,43.6267108,3520005_4,3520005
-79.56847599999999,43.6266811,3520005_4,3520005
-79.56833840000002,43.6267334,3520005_4,3520005
-79.5678329,43.6271503,3520005_4,3520005
-79.5675772,43.6274802,3520005_4,3520005
-79.5675543,43.6276345,3520005_4,3520005
-79.56753309999999,43.62777680000001,3520005_4,3520005
-79.56752139999999,43.627797799999996,3520005_4,3520005
-79.5674682,43.627893,3520005_4,3520005
-79.56738829999999,43.627952900000004,3520005_4,3520005
-79.56727889999999,43.62803469999999,3520005_4,3520005
-79.5669901,43.6281841,3520005_4,3520005
-79.56555689999999,43.628198700000006,3520005_4,3520005
-79.5654148,43.628200199999995,3520005_4,3520005
-79.5653168,43.6281934,3520005_4,3520005
-79.56507599999999,43.628176700000004,3520005_4,3520005
-79.5644619,43.6281342,3520005_4,3520005
-79.56428919999999,43.628096,3520005_4,3520005
-79.5639948,43.6279663,3520005_4,3520005
-79.56393609999999,43.627830499999995,3520005_4,3520005
-79.5638517,43.6277304,3520005_4,3520005
-79.56380829999999,43.627468699999994,3520005_4,3520005
-79.56385759999999,43.6271906,3520005_4,3520005
-79.5638656,43.627145299999995,3520005_4,3520005
-79.5638017,43.62702170000001,3520005_4,3520005
-79.5637979,43.6270142,3520005_4,3520005
-79.5637167,43.6268572,3520005_4,3520005
-79.56366419999999,43.6267556,3520005_4,3520005
-79.56358,43.6266465,3520005_4,3520005
-79.5635614,43.6263851,3520005_4,3520005
-79.56364839999999,43.62585500000001,3520005_4,3520005
-79.5637179,43.62501839999999,3520005_4,3520005
-79.56373430000001,43.624847599999995,3520005_4,3520005
-79.5638732,43.6247413,3520005_4,3520005
-79.5639882,43.6245986,3520005_4,3520005
-79.5648177,43.6246361,3520005_4,3520005
-79.56511549999999,43.6246218,3520005_4,3520005
-79.5654035,43.6244993,3520005_4,3520005
-79.56542929999999,43.6244546,3520005_4,3520005
-79.5655958,43.624231599999995,3520005_4,3520005
-79.56572609999999,43.6239631,3520005_4,3520005
-79.56573379999999,43.6236391,3520005_4,3520005
-79.5656872,43.623512399999996,3520005_4,3520005
-79.5657015,43.623431599999996,3520005_4,3520005
-79.56576539999999,43.6233514,3520005_4,3520005
-79.56586899999999,43.6231635,3520005_4,3520005
-79.5659237,43.62294809999999,3520005_4,3520005
-79.565934,43.622516100000006,3520005_4,3520005
-79.56561420000001,43.621890799999996,3520005_4,3520005
-79.5656204,43.6216297,3520005_4,3520005
-79.5657099,43.621513799999995,3520005_4,3520005
-79.56578549999999,43.62146070000001,3520005_4,3520005
-79.5660855,43.6213564,3520005_4,3520005
-79.56619909999999,43.621267800000005,3520005_4,3520005
-79.56668719999999,43.62106680000001,3520005_4,3520005
-79.56680039999999,43.62099620000001,3520005_4,3520005
-79.5668864,43.620511099999995,3520005_4,3520005
-79.5668788,43.6197817,3520005_4,3520005
-79.5669094,43.619016699999996,3520005_4,3520005
-79.5669006,43.6188635,3520005_4,3520005
-79.5668178,43.61870039999999,3520005_4,3520005
-79.5668,43.61840300000001,3520005_4,3520005
-79.56673959999999,43.6183392,3520005_4,3520005
-79.5666607,43.6180051,3520005_4,3520005
-79.5666663,43.61777099999999,3520005_4,3520005
-79.5668836,43.6174946,3520005_4,3520005
-79.5670837,43.6174161,3520005_4,3520005
-79.56733299999999,43.6173562,3520005_4,3520005
-79.5673834,43.617320799999995,3520005_4,3520005
-79.5676639,43.6169912,3520005_4,3520005
-79.56784050000002,43.6168583,3520005_4,3520005
-79.56791179999999,43.6164631,3520005_4,3520005
-79.5679627,43.615887400000005,3520005_4,3520005
-79.56802809999999,43.61574410000001,3520005_4,3520005
-79.568137,43.6153313,3520005_4,3520005
-79.56822749999999,43.6151704,3520005_4,3520005
-79.5682321,43.61515000000001,3520005_4,3520005
-79.5682831,43.61491900000001,3520005_4,3520005
-79.5683852,43.6147942,3520005_4,3520005
-79.568489,43.6145974,3520005_4,3520005
-79.5684696,43.614371999999996,3520005_4,3520005
-79.56836059999999,43.61426259999999,3520005_4,3520005
-79.56817749999999,43.6141433,3520005_4,3520005
-79.5681013,43.6140788,3520005_4,3520005
-79.5679442,43.61394579999999,3520005_4,3520005
-79.5679438,43.613945400000006,3520005_4,3520005
-79.5679433,43.613945099999995,3520005_4,3520005
-79.567887,43.6138955,3520005_4,3520005
-79.5677611,43.613833199999995,3520005_4,3520005
-79.56736769999999,43.6136384,3520005_4,3520005
-79.5669315,43.613465,3520005_4,3520005
-79.5661755,43.61333820000001,3520005_4,3520005
-79.5655017,43.613348699999996,3520005_4,3520005
-79.56509609999999,43.6134196,3520005_4,3520005
-79.56468079999999,43.6133733,3520005_4,3520005
-79.56435599999999,43.6131751,3520005_4,3520005
-79.56426189999999,43.6130547,3520005_4,3520005
-79.56427529999999,43.6127163,3520005_4,3520005
-79.5643685,43.6125617,3520005_4,3520005
-79.56438849999999,43.6123698,3520005_4,3520005
-79.564391,43.612305799999994,3520005_4,3520005
-79.5648484,43.6120981,3520005_4,3520005
-79.5650397,43.611989699999995,3520005_4,3520005
-79.5653558,43.611890599999995,3520005_4,3520005
-79.56581369999999,43.61166479999999,3520005_4,3520005
-79.56600560000001,43.6115381,3520005_4,3520005
-79.5662888,43.6113026,3520005_4,3520005
-79.5665694,43.611139900000005,3520005_4,3520005
-79.56685230000001,43.6109134,3520005_4,3520005
-79.5669286,43.6108773,3520005_4,3520005
-79.56732269999999,43.6106877,3520005_4,3520005
-79.5674258,43.6105971,3520005_4,3520005
-79.56746299999999,43.61028640000001,3520005_4,3520005
-79.5674652,43.6102315,3520005_4,3520005
-79.5675052,43.60984769999999,3520005_4,3520005
-79.56750269999999,43.6098055,3520005_4,3520005
-79.5673635,43.6096898,3520005_4,3520005
-79.5673491,43.609507,3520005_4,3520005
-79.5673526,43.6094747,3520005_4,3520005
-79.5673529,43.609472,3520005_4,3520005
-79.56727889999999,43.6091818,3520005_4,3520005
-79.5671824,43.609236700000004,3520005_4,3520005
-79.5670782,43.6090357,3520005_4,3520005
-79.5668323,43.6088112,3520005_4,3520005
-79.5663012,43.608703299999995,3520005_4,3520005
-79.56577949999999,43.60865880000001,3520005_4,3520005
-79.5657415,43.6086558,3520005_4,3520005
-79.5653036,43.6085449,3520005_4,3520005
-79.5649382,43.60835249999999,3520005_4,3520005
-79.5646427,43.6080879,3520005_4,3520005
-79.5646514,43.607819299999996,3520005_4,3520005
-79.5648081,43.6075629,3520005_4,3520005
-79.56485390000002,43.6073444,3520005_4,3520005
-79.5646077,43.6071314,3520005_4,3520005
-79.5644265,43.6070928,3520005_4,3520005
-79.5640703,43.607012399999995,3520005_4,3520005
-79.5627473,43.606799099999996,3520005_4,3520005
-79.56248099999999,43.6067067,3520005_4,3520005
-79.5621814,43.6064541,3520005_4,3520005
-79.56155609999999,43.6059999,3520005_4,3520005
-79.56067829999999,43.6056385,3520005_4,3520005
-79.5597581,43.60505649999999,3520005_4,3520005
-79.55951499999999,43.6049015,3520005_4,3520005
-79.5593392,43.6047894,3520005_4,3520005
-79.5592987,43.6047635,3520005_4,3520005
-79.5591554,43.604671599999996,3520005_4,3520005
-79.5588191,43.6043522,3520005_4,3520005
-79.5584973,43.604002699999995,3520005_4,3520005
-79.5581807,43.6037274,3520005_4,3520005
-79.5577452,43.6034717,3520005_4,3520005
-79.55727139999999,43.603311500000004,3520005_4,3520005
-79.5565755,43.60285299999999,3520005_4,3520005
-79.55633879999999,43.6025616,3520005_4,3520005
-79.5562115,43.602286,3520005_4,3520005
-79.55616119999999,43.6018191,3520005_4,3520005
-79.55603789999999,43.6013418,3520005_4,3520005
-79.55599,43.600865999999996,3520005_4,3520005
-79.555937,43.600339,3520005_4,3520005
-79.5558113,43.599870599999996,3520005_4,3520005
-79.5557803,43.5998226,3520005_4,3520005
-79.55565949999999,43.599638299999995,3520005_4,3520005
-79.5552407,43.59946,3520005_4,3520005
-79.55466129999999,43.599222499999996,3520005_4,3520005
-79.55415479999999,43.5989952,3520005_4,3520005
-79.55383789999999,43.59881310000001,3520005_4,3520005
-79.5536612,43.5984859,3520005_4,3520005
-79.5535986,43.5981567,3520005_4,3520005
-79.5536513,43.597633300000005,3520005_4,3520005
-79.5538266,43.596889399999995,3520005_4,3520005
-79.5539199,43.5962391,3520005_4,3520005
-79.5538603,43.5960385,3520005_4,3520005
-79.5536619,43.5957907,3520005_4,3520005
-79.55331819999999,43.59561399999999,3520005_4,3520005
-79.5528413,43.595510100000006,3520005_4,3520005
-79.55216039999999,43.5954598,3520005_4,3520005
-79.5507551,43.5953808,3520005_4,3520005
-79.5497607,43.595323,3520005_4,3520005
-79.5491602,43.595302499999995,3520005_4,3520005
-79.54893109999999,43.59519220000001,3520005_4,3520005
-79.5485853,43.5947479,3520005_4,3520005
-79.5486013,43.5943645,3520005_4,3520005
-79.5486896,43.5938078,3520005_4,3520005
-79.5488579,43.593188999999995,3520005_4,3520005
-79.5491388,43.5928524,3520005_4,3520005
-79.5495117,43.59245560000001,3520005_4,3520005
-79.549707,43.591923300000005,3520005_4,3520005
-79.5496572,43.591457,3520005_4,3520005
-79.5495682,43.5908795,3520005_4,3520005
-79.549419,43.590454199999996,3520005_4,3520005
-79.5491978,43.590293900000006,3520005_4,3520005
-79.5487283,43.5902193,3520005_4,3520005
-79.548593,43.5901984,3520005_4,3520005
-79.547952,43.5898983,3520005_4,3520005
-79.54680379999999,43.58927109999999,3520005_4,3520005
-79.5465104,43.5888966,3520005_4,3520005
-79.5464719,43.5888343,3520005_4,3520005
-79.5464933,43.588811799999995,3520005_4,3520005
-79.54667169999999,43.588606999999996,3520005_4,3520005
-79.5466728,43.588605799999996,3520005_4,3520005
-79.5478486,43.587308400000005,3520005_4,3520005
-79.54446109999999,43.585445799999995,3520005_4,3520005
-79.54386629999999,43.5813943,3520005_4,3520005
-79.5438244,43.5813572,3520005_4,3520005
-79.543505,43.581074,3520005_4,3520005
-79.5433511,43.58095149999999,3520005_4,3520005
-79.5405225,43.5780896,3520005_4,3520005
-79.5229596,43.56034289999999,3520005_4,3520005
-79.51928819999999,43.563313900000004,3520005_4,3520005
-79.5080911,43.57525769999999,3520005_4,3520005
-79.5017987,43.582807800000005,3520005_4,3520005
-79.50000779999999,43.5849562,3520005_4,3520005
-79.5,43.584965499999996,3520005_4,3520005
-79.4998321,43.5851669,3520005_4,3520005
-79.4988868,43.5863008,3520005_4,3520005
-79.4984802,43.5867885,3520005_4,3520005
-79.4975942,43.587851199999996,3520005_4,3520005
-79.4964085,43.589273200000015,3520005_4,3520005
-79.4950387,43.590916,3520005_4,3520005
-79.4945133,43.591546,3520005_4,3520005
-79.4941129,43.59202609999999,3520005_4,3520005
-79.4934761,43.5927897,3520005_4,3520005
-79.4907525,43.5953581,3520005_4,3520005
-79.4904186,43.595673,3520005_4,3520005
-79.4838389,43.6018761,3520005_4,3520005
-79.47691499999999,43.6084016,3520005_4,3520005
-79.47552189999999,43.61005730000001,3520005_4,3520005
-79.4728512,43.613230900000005,3520005_4,3520005
-79.4703644,43.61618569999999,3520005_4,3520005
-79.4699037,43.616732899999995,3520005_4,3520005
-79.4686552,43.6182163,3520005_4,3520005
-79.4681628,43.6188011,3520005_4,3520005
-79.46736489999999,43.61974899999999,3520005_4,3520005
-79.4673179,43.6198048,3520005_4,3520005
-79.466973,43.6202145,3520005_4,3520005
-79.46375920000001,43.623671300000005,3520005_4,3520005
-79.46493149999999,43.6252288,3520005_4,3520005
-79.4649424,43.6252433,3520005_4,3520005
-79.465734,43.6262949,3520005_4,3520005
-79.46967719999999,43.63153259999999,3520005_4,3520005
-79.46967699999999,43.63153279999999,3520005_4,3520005
-79.4695034,43.6316541,3520005_4,3520005
-79.46733929999999,43.633161199999996,3520005_4,3520005
-79.46347589999999,43.63407159999999,3520005_4,3520005
-79.4580556,43.6353485,3520005_4,3520005
-79.4551542,43.635451,3520005_4,3520005
-79.4531119,43.63515770000001,3520005_4,3520005
-79.4467633,43.6342455,3520005_4,3520005
-79.4413312,43.6319789,3520005_4,3520005
-79.4342673,43.6290305,3520005_4,3520005
-79.42567199999999,43.6254818,3520005_4,3520005
-79.4251938,43.6255625,3520005_4,3520005
-79.4248722,43.6247826,3520005_4,3520005
-79.4165158,43.626158499999995,3520005_4,3520005
-79.41651449999999,43.6261583,3520005_4,3520005
-79.4130265,43.626594,3520005_4,3520005
-79.4117172,43.6267575,3520005_4,3520005
-79.4116738,43.6267764,3520005_4,3520005
-79.4083783,43.6272758,3520005_4,3520005
-79.4061419,43.62761460000001,3520005_4,3520005
-79.4061093,43.6276379,3520005_4,3520005
-79.4059896,43.6272981,3520005_4,3520005
-79.4052799,43.625282399999996,3520005_4,3520005
-79.4010047,43.6259743,3520005_4,3520005
-79.394611,43.619271399999995,3520005_4,3520005
-79.39313229999999,43.612247599999996,3520005_4,3520005
-79.38963059999999,43.610365099999996,3520005_4,3520005
-79.38367269999999,43.610382799999996,3520005_4,3520005
-79.3761519,43.6133148,3520005_4,3520005
-79.37090789999999,43.6144064,3520005_4,3520005
-79.3679765,43.6169696,3520005_4,3520005
-79.3606585,43.62211610000001,3520005_4,3520005
-79.35597709999999,43.6253706,3520005_4,3520005
-79.3494573,43.6182026,3520005_4,3520005
-79.3441971,43.612466500000004,3520005_4,3520005
-79.34416,43.6124261,3520005_4,3520005
-79.3437395,43.6108093,3520005_4,3520005
-79.343018,43.6111806,3520005_4,3520005
-79.3428008,43.6112816,3520005_4,3520005
-79.33928639999999,43.61291409999999,3520005_4,3520005
-79.3303273,43.6218016,3520005_4,3520005
-79.3264847,43.626244899999996,3520005_4,3520005
-79.3165782,43.626092699999994,3520005_4,3520005
-79.318468,43.6466388,3520005_4,3520005
-79.3184866,43.646840600000004,3520005_4,3520005
-79.3142069,43.6483102,3520005_4,3520005
-79.31347769999999,43.648560499999995,3520005_4,3520005
-79.3057934,43.653916599999995,3520005_4,3520005
-79.3045705,43.6547689,3520005_4,3520005
-79.30312049999999,43.6557792,3520005_4,3520005
-79.3008287,43.65737610000001,3520005_4,3520005
-79.2994602,43.6600689,3520005_4,3520005
-79.2980156,43.662910999999994,3520005_4,3520005
-79.2978749,43.6631877,3520005_4,3520005
-79.2975364,43.6638537,3520005_4,3520005
-79.29359869999999,43.665978800000005,3520005_4,3520005
-79.2933338,43.6661217,3520005_4,3520005
-79.292581,43.6665279,3520005_4,3520005
-79.29224889999999,43.66670709999998,3520005_4,3520005
-79.2915625,43.6669297,3520005_4,3520005
-79.29050029999999,43.6672741,3520005_4,3520005
-79.2891382,43.667715799999996,3520005_4,3520005
-79.28811259999999,43.668048299999995,3520005_4,3520005
-79.285984,43.668738399999995,3520005_4,3520005
-79.284489,43.669223,3520005_4,3520005
-79.2834166,43.66930819999999,3520005_4,3520005
-79.2791702,43.6696451,3520005_4,3520005
-79.2789978,43.6698223,3520005_4,3520005
-79.2784574,43.6703785,3520005_4,3520005
-79.2784544,43.670381500000005,3520005_4,3520005
-79.2784521,43.6703839,3520005_4,3520005
-79.26880729999999,43.6802778,3520005_4,3520005
-79.2688014,43.6802838,3520005_4,3520005
-79.2685,43.680592999999995,3520005_4,3520005
-79.2683442,43.6807528,3520005_4,3520005
-79.2660375,43.6830226,3520005_4,3520005
-79.26469999999999,43.684338600000004,3520005_4,3520005
-79.2622087,43.686789600000004,3520005_4,3520005
-79.2610121,43.687966700000004,3520005_4,3520005
-79.26063030000002,43.68809650000001,3520005_4,3520005
-79.2513292,43.692239,3520005_4,3520005
-79.2420266,43.696023100000005,3520005_4,3520005
-79.2326149,43.699838199999995,3520005_4,3520005
-79.2282093,43.7040455,3520005_4,3520005
-79.22722689999999,43.7049568,3520005_4,3520005
-79.2256355,43.7064331,3520005_4,3520005
-79.2215751,43.7101991,3520005_4,3520005
-79.22137939999999,43.710891,3520005_4,3520005
-79.22080749999999,43.712912499999995,3520005_4,3520005
-79.21851629999999,43.7210099,3520005_4,3520005
-79.2137743,43.725968599999995,3520005_4,3520005
-79.2129685,43.726619199999995,3520005_4,3520005
-79.2128257,43.726734099999994,3520005_4,3520005
-79.21240879999999,43.7270697,3520005_4,3520005
-79.2122467,43.7272002,3520005_4,3520005
-79.2040584,43.7334688,3520005_4,3520005
-79.1979976,43.73813759999999,3520005_4,3520005
-79.19722159999999,43.7387352,3520005_4,3520005
-79.1960307,43.739652500000005,3520005_4,3520005
-79.1949836,43.74044929999999,3520005_4,3520005
-79.1926804,43.7421729,3520005_4,3520005
-79.1893978,43.74462929999999,3520005_4,3520005
-79.18795879999999,43.745407500000006,3520005_4,3520005
-79.1873592,43.7457318,3520005_4,3520005
-79.18254929999999,43.7483325,3520005_4,3520005
-79.1793623,43.750055499999995,3520005_4,3520005
-79.1793517,43.7500612,3520005_4,3520005
-79.1793314,43.7500722,3520005_4,3520005
-79.1780637,43.7507592,3520005_4,3520005
-79.17748519999999,43.751072699999995,3520005_4,3520005
-79.172872,43.75357220000001,3520005_4,3520005
-79.17038610000002,43.7545869,3520005_4,3520005
-79.169304,43.75488749999999,3520005_4,3520005
-79.1564334,43.7584624,3520005_4,3520005
-79.15520280000001,43.758509,3520005_4,3520005
-79.15236589999999,43.7586162,3520005_4,3520005
-79.1503339,43.7600421,3520005_4,3520005
-79.1455915,43.7656045,3520005_4,3520005
-79.1441478,43.766229599999996,3520005_4,3520005
-79.1429098,43.7672513,3520005_4,3520005
-79.14065579999999,43.7691115,3520005_4,3520005
-79.13666409999999,43.7724051,3520005_4,3520005
-79.134887,43.773871199999995,3520005_4,3520005
-79.1341048,43.7745165,3520005_4,3520005
-79.1321918,43.7762606,3520005_4,3520005
-79.1279349,43.780141199999996,3520005_4,3520005
-79.1246585,43.78320749999999,3520005_4,3520005
-79.1190938,43.7884143,3520005_4,3520005
-79.113467,43.793778599999996,3520005_4,3520005
-79.1154857,43.794511299999996,3520005_4,3520005
-79.1157099,43.7945815,3520005_4,3520005
-79.11733319999999,43.7943072,3520005_4,3520005
-79.1182693,43.79440739999999,3520005_4,3520005
-79.11863760000001,43.794481499999996,3520005_4,3520005
-79.1201154,43.794696200000004,3520005_4,3520005
-79.1209827,43.7946586,3520005_4,3520005
-79.1213779,43.7948648,3520005_4,3520005
-79.1213931,43.7951335,3520005_4,3520005
-79.1213946,43.7951605,3520005_4,3520005
-79.1213964,43.795192199999995,3520005_4,3520005
-79.121195,43.79525559999999,3520005_4,3520005
-79.1205133,43.795470300000005,3520005_4,3520005
-79.120221,43.7957161,3520005_4,3520005
-79.1203972,43.7961843,3520005_4,3520005
-79.1214652,43.797165299999996,3520005_4,3520005
-79.1217635,43.7973062,3520005_4,3520005
-79.12199849999999,43.7974173,3520005_4,3520005
-79.1225474,43.797438400000004,3520005_4,3520005
-79.12310409999999,43.797233,3520005_4,3520005
-79.123722,43.7971394,3520005_4,3520005
-79.1237874,43.79716450000001,3520005_4,3520005
-79.1237969,43.7971681,3520005_4,3520005
-79.1242675,43.7973484,3520005_4,3520005
-79.12452119999999,43.7976299,3520005_4,3520005
-79.1244445,43.7978029,3520005_4,3520005
-79.12428109999999,43.798171599999996,3520005_4,3520005
-79.1240784,43.7988,3520005_4,3520005
-79.12444579999999,43.799378,3520005_4,3520005
-79.1249156,43.7998993,3520005_4,3520005
-79.125458,43.800228999999995,3520005_4,3520005
-79.1261608,43.8002289,3520005_4,3520005
-79.1270794,43.8001186,3520005_4,3520005
-79.1282159,43.800462499999995,3520005_4,3520005
-79.12972800000001,43.8013129,3520005_4,3520005
-79.13081179999999,43.80177899999999,3520005_4,3520005
-79.1317108,43.8018267,3520005_4,3520005
-79.1331344,43.801319899999996,3520005_4,3520005
-79.1342477,43.800908799999995,3520005_4,3520005
-79.1348493,43.800763599999996,3520005_4,3520005
-79.1352727,43.800792400000006,3520005_4,3520005
-79.1354181,43.8009537,3520005_4,3520005
-79.1354325,43.800969599999995,3520005_4,3520005
-79.1352412,43.80138329999999,3520005_4,3520005
-79.1342401,43.8022111,3520005_4,3520005
-79.1336158,43.802931199999996,3520005_4,3520005
-79.1336704,43.8032229,3520005_4,3520005
-79.1336748,43.8032465,3520005_4,3520005
-79.1342509,43.804135099999996,3520005_4,3520005
-79.1342507,43.80416779999999,3520005_4,3520005
-79.13425250000002,43.80446430000001,3520005_4,3520005
-79.1342535,43.804594300000005,3520005_4,3520005
-79.1342353,43.80470709999999,3520005_4,3520005
-79.1341781,43.805059,3520005_4,3520005
-79.1341391,43.80531289999999,3520005_4,3520005
-79.1338236,43.8061793,3520005_4,3520005
-79.13392739999999,43.806446699999995,3520005_4,3520005
-79.1339216,43.8065475,3520005_4,3520005
-79.1339203,43.806570199999996,3520005_4,3520005
-79.1340089,43.8067725,3520005_4,3520005
-79.1340422,43.806899099999995,3520005_4,3520005
-79.1342713,43.807128,3520005_4,3520005
-79.1344292,43.8072476,3520005_4,3520005
-79.1344771,43.807273200000004,3520005_4,3520005
-79.134845,43.8074705,3520005_4,3520005
-79.1349252,43.8075313,3520005_4,3520005
-79.1350393,43.8076177,3520005_4,3520005
-79.1353322,43.807793499999995,3520005_4,3520005
-79.13579349999999,43.8081522,3520005_4,3520005
-79.1360539,43.8081745,3520005_4,3520005
-79.1362595,43.808163699999994,3520005_4,3520005
-79.1363154,43.80816069999999,3520005_4,3520005
-79.1364924,43.8080646,3520005_4,3520005
-79.1366091,43.8079134,3520005_4,3520005
-79.13678639999999,43.8078083,3520005_4,3520005
-79.1369745,43.807757300000006,3520005_4,3520005
-79.13729699999999,43.8077806,3520005_4,3520005
-79.13739269999999,43.8078992,3520005_4,3520005
-79.13751529999999,43.8079552,3520005_4,3520005
-79.13756529999999,43.807947,3520005_4,3520005
-79.1376531,43.8079214,3520005_4,3520005
-79.1377849,43.8076805,3520005_4,3520005
-79.1378623,43.80759169999999,3520005_4,3520005
-79.1381365,43.8075692,3520005_4,3520005
-79.13824410000001,43.807706,3520005_4,3520005
-79.13824079999999,43.807814,3520005_4,3520005
-79.1382781,43.807914,3520005_4,3520005
-79.1382982,43.807967999999995,3520005_4,3520005
-79.1384564,43.808078599999995,3520005_4,3520005
-79.1386166,43.80808849999999,3520005_4,3520005
-79.1388534,43.8081031,3520005_4,3520005
-79.13913199999999,43.80834169999999,3520005_4,3520005
-79.1392786,43.8084251,3520005_4,3520005
-79.1396008,43.808457399999995,3520005_4,3520005
-79.1400115,43.80844609999999,3520005_4,3520005
-79.14022159999999,43.808485499999996,3520005_4,3520005
-79.1405091,43.80843610000001,3520005_4,3520005
-79.140632,43.8084832,3520005_4,3520005
-79.1406396,43.808636299999996,3520005_4,3520005
-79.1406291,43.8086598,3520005_4,3520005
-79.1405995,43.808725700000004,3520005_4,3520005
-79.14063349999999,43.808834299999994,3520005_4,3520005
-79.1410863,43.8090668,3520005_4,3520005
-79.1411569,43.8091449,3520005_4,3520005
-79.1412185,43.809213,3520005_4,3520005
-79.1413106,43.8092544,3520005_4,3520005
-79.14148829999999,43.809334400000004,3520005_4,3520005
-79.1415591,43.8093224,3520005_4,3520005
-79.1418257,43.8092769,3520005_4,3520005
-79.1419229,43.8093505,3520005_4,3520005
-79.1419177,43.80942029999999,3520005_4,3520005
-79.1419015,43.80963829999999,3520005_4,3520005
-79.1419377,43.8096749,3520005_4,3520005
-79.14210039999999,43.809641500000005,3520005_4,3520005
-79.1422537,43.809560999999995,3520005_4,3520005
-79.1424163,43.8094756,3520005_4,3520005
-79.1426389,43.8095152,3520005_4,3520005
-79.1430208,43.8096295,3520005_4,3520005
-79.143178699999993,43.809749100000005,3520005_4,3520005
-79.14319909999999,43.8097886,3520005_4,3520005
-79.1432021,43.8097945,3520005_4,3520005
-79.1431853,43.809938200000005,3520005_4,3520005
-79.1430568,43.8100712,3520005_4,3520005
-79.14265689999999,43.810136799999995,3520005_4,3520005
-79.1426428,43.8101905,3520005_4,3520005
-79.1426776,43.8102721,3520005_4,3520005
-79.1427753,43.810327799999996,3520005_4,3520005
-79.1429742,43.810331,3520005_4,3520005
-79.14314619999999,43.8103968,3520005_4,3520005
-79.1431683,43.81048719999999,3520005_4,3520005
-79.1430903,43.810593999999995,3520005_4,3520005
-79.1431005,43.8106662,3520005_4,3520005
-79.1432483,43.8107136,3520005_4,3520005
-79.1433821,43.8106935,3520005_4,3520005
-79.14341069999999,43.810689200000006,3520005_4,3520005
-79.14352559999999,43.810592099999994,3520005_4,3520005
-79.1436176,43.81043149999999,3520005_4,3520005
-79.143785,43.8102451,3520005_4,3520005
-79.14405099999999,43.81008740000001,3520005_4,3520005
-79.1450711,43.8100679,3520005_4,3520005
-79.1460017,43.810128,3520005_4,3520005
-79.14617419999999,43.8101759,3520005_4,3520005
-79.1463402,43.8104397,3520005_4,3520005
-79.14634269999999,43.8104607,3520005_4,3520005
-79.14635009999999,43.8105209,3520005_4,3520005
-79.1462967,43.8106371,3520005_4,3520005
-79.14605759999999,43.810732200000004,3520005_4,3520005
-79.14603989999999,43.810902999999996,3520005_4,3520005
-79.1464374,43.8113146,3520005_4,3520005
-79.1472434,43.81178690000001,3520005_4,3520005
-79.1474889,43.81188989999999,3520005_4,3520005
-79.1480997,43.812241900000004,3520005_4,3520005
-79.1482819,43.81237989999999,3520005_4,3520005
-79.14871269999999,43.81252200000001,3520005_4,3520005
-79.1488911,43.8125249,3520005_4,3520005
-79.14914759999999,43.812529,3520005_4,3520005
-79.14933289999999,43.812568,3520005_4,3520005
-79.14956629999999,43.81266180000001,3520005_4,3520005
-79.1497863,43.812782399999996,3520005_4,3520005
-79.15012709999999,43.8130221,3520005_4,3520005
-79.1502854,43.813190299999995,3520005_4,3520005
-79.1504281,43.813342,3520005_4,3520005
-79.1508318,43.81355569999999,3520005_4,3520005
-79.1511228,43.8137945,3520005_4,3520005
-79.1513399,43.8140141,3520005_4,3520005
-79.1513387,43.814050099999996,3520005_4,3520005
-79.1514246,43.8140875,3520005_4,3520005
-79.1516237,43.814081699999996,3520005_4,3520005
-79.1519086,43.814039900000004,3520005_4,3520005
-79.1519089,43.814039900000004,3520005_4,3520005
-79.15190919999999,43.814039799999996,3520005_4,3520005
-79.15202359999999,43.8143875,3520005_4,3520005
-79.15205910000002,43.814527899999995,3520005_4,3520005
